2026-03-01 00:00:00,node7919.edge8107.block4397.guard6570.invalid,17,alert,adware
2026-03-01 00:01:00,2001:db814:e477:5185:5bb8:4ada:f78d:b7b4,34,monitor,ransomware
2026-03-01 00:02:00,threat2375.november9985.localhost,37,alert,malware
2026-03-01 00:03:00,sentinel6249.foxtrot6535.quebec2917.papa6536.invalid,58,block,spyware
2026-03-01 00:04:00,2001:db855:1673:97c6:6290:a400:2a29:3121,86,alert,spyware
2026-03-01 00:05:00,2001:db88c:364:15a3:f6ee:be0d:a17e:fc14,66,block,malware
2026-03-01 00:06:00,2001:db81b:82cb:5734:1ec6:916a:66c1:8ae5,17,block,phishing
2026-03-01 00:07:00,core2065.detect8861.sierra3502.invalid,10,monitor,c2
2026-03-01 00:08:00,203.0.113.144/28,9,monitor,botnet
2026-03-01 00:09:00,2001:db839:e8a0:fce2:44b5:efa0:8bb1:62b8,31,block,spyware
2026-03-01 00:10:00,report2552.block2385.test,10,block,adware
2026-03-01 00:11:00,cyber6140.block4818.beacon511.test,2,alert,spyware
2026-03-01 00:12:00,whiskey7070.block4972.oscar352.delta432.test,80,block,phishing
2026-03-01 00:13:00,tango5030.scan2044.localhost,75,quarantine,adware
2026-03-01 00:14:00,2001:db8d5:daba:fdc2:1801:b057:c326:a331,43,block,botnet
2026-03-01 00:15:00,bravo9926.charlie896.node3927.example,16,block,adware
2026-03-01 00:16:00,lima7757.proxy8939.golf626.example,18,monitor,adware
2026-03-01 00:17:00,cyber3647.proxy3324.mirror3352.invalid,11,monitor,malware
2026-03-01 00:18:00,kilo8801.alpha1617.november8261.localhost,92,block,malware
2026-03-01 00:19:00,2001:db845:80de:7e41:fdd9:641e:ea6c:36c5,56,monitor,phishing
2026-03-01 00:20:00,node617.sentinel2950.edge8191.beacon1443.example,7,block,ransomware
2026-03-01 00:21:00,hotel3469.hunter8571.intel8792.test,42,monitor,ransomware
2026-03-01 00:22:00,allow554.romeo4555.localhost,26,quarantine,botnet
2026-03-01 00:23:00,2001:db86a:e2cb:7e8c:1128:65fa:ebf2:301b,91,monitor,ransomware
2026-03-01 00:24:00,203.0.113.249,37,block,ransomware
2026-03-01 00:25:00,alpha7051.whiskey11.delta4120.test,24,block,malware
2026-03-01 00:26:00,beacon1626.foxtrot1701.foxtrot270.beacon6739.invalid,23,monitor,c2
2026-03-01 00:27:00,audit3175.tracker9269.test,19,monitor,adware
2026-03-01 00:28:00,sierra6892.november3652.signal7449.audit6244.invalid,16,block,phishing
2026-03-01 00:29:00,2001:db8a3:5347:e70f:25bd:111b:96fe:a47,24,alert,spyware
2026-03-01 00:30:00,threat7289.detect2068.intel4833.hotel1966.localhost,30,monitor,ransomware
2026-03-01 00:31:00,india694.november768.report234.victor559.tango719.juliet536.papa686.oscar527.probe802.beacon993.detect794.core491.india189.zulu772.juliet449.romeo330.scan68.audit12.charlie41.detect49.victor72.zulu30.bravo54.relay55.whiskey90.tango40.scan45.delta90.quebec59.bravo81.invalid,82,alert,botnet
2026-03-01 00:32:00,whiskey6867.block7791.test,53,alert,phishing
2026-03-01 00:33:00,2001:db88f:75a3:6c3e:f374:8acc:17d6:2610,55,alert,spyware
2026-03-01 00:34:00,whiskey5120.victor3247.edge8741.foxtrot7630.test,45,monitor,botnet
2026-03-01 00:35:00,guard6837.romeo5068.mike674.example,1,alert,c2
2026-03-01 00:36:00,beacon3054.threat6980.foxtrot663.example,97,monitor,malware
2026-03-01 00:37:00,2001:db87b:89c4:5d95:615d:ff7c:663a:783f,8,block,ransomware
2026-03-01 00:38:00,2001:db8b6:45dc:50a4:dfad:f972:a272:5931,45,block,botnet
2026-03-01 00:39:00,2001:db88d:873c:c41e:f89e:f233:132e:582a,97,quarantine,malware
2026-03-01 00:40:00,2001:db892:9eed:ec69:e761:1341:1d20:bccb,87,quarantine,malware
2026-03-01 00:41:00,allow8352.oscar378.localhost,96,block,c2
2026-03-01 00:42:00,intel3065.romeo469.localhost,76,alert,adware
2026-03-01 00:43:00,2001:db8b0:edcb:6875:ae2d:498e:a00a:a37d,88,block,botnet
2026-03-01 00:44:00,hunter3361.report7245.node5657.localhost,34,alert,ransomware
2026-03-01 00:45:00,2001:db8b2:3587:9742:d4fa:2bf5:3b6d:4889,46,quarantine,c2
2026-03-01 00:46:00,papa7830.allow1652.alpha1001.romeo119.invalid,64,alert,spyware
2026-03-01 00:47:00,hotel393.intel1933.test,63,alert,botnet
2026-03-01 00:48:00,hotel8760.proxy6404.kilo1272.invalid,96,monitor,phishing
2026-03-01 00:49:00,charlie9472.sentinel4890.example,76,monitor,malware
2026-03-01 00:50:00,2001:db8b4:5568:5c5c:cd98:acce:50fc:e2d2,89,alert,ransomware
2026-03-01 00:51:00,192.0.2.79,60,quarantine,c2
2026-03-01 00:52:00,core2856.victor9086.papa2926.test,52,quarantine,spyware
2026-03-01 00:53:00,xray6318.feed8413.test,60,quarantine,phishing
2026-03-01 00:54:00,oscar340.bravo9151.hunter3748.foxtrot7577.test,19,quarantine,ransomware
2026-03-01 00:55:00,lima3095.watch8037.test,4,monitor,spyware
2026-03-01 00:56:00,2001:db8f5:9d87:da4:f2fd:87f3:7480:1a4b,41,quarantine,spyware
2026-03-01 00:57:00,2001:db832:5b76:1003:6776:36cf:f882:621b,81,monitor,ransomware
2026-03-01 00:58:00,node324.zulu9111.report8685.localhost,47,block,ransomware
2026-03-01 00:59:00,golf8811.intel5424.golf1002.beacon7680.test,85,monitor,phishing
2026-03-01 01:00:00,intel8457.relay5928.bravo7252.test,76,monitor,phishing
2026-03-01 01:01:00,2001:db8ad:5147:ba50:bee6:90d7:c65b:d14a,13,block,ransomware
2026-03-01 01:02:00,november1698.block404.localhost,61,monitor,c2
2026-03-01 01:03:00,2001:db8ac:5583:216d:1768:98ad:94e7:e96f,44,monitor,malware
2026-03-01 01:04:00,cyber4306.detect61.feed2060.probe7362.invalid,64,quarantine,phishing
2026-03-01 01:05:00,192.0.2.43,39,alert,phishing
2026-03-01 01:06:00,victor2782.bravo8822.example,25,quarantine,botnet
2026-03-01 01:07:00,charlie4449.cyber1423.allow3894.xray7405.example,93,quarantine,ransomware
2026-03-01 01:08:00,alpha3722.cyber8786.watch751.alpha4095.invalid,56,monitor,ransomware
2026-03-01 01:09:00,mirror9510.delta4982.intel2682.test,86,block,c2
2026-03-01 01:10:00,kilo1061.xray3262.victor3282.sentinel6624.invalid,14,block,c2
2026-03-01 01:11:00,2001:db84f:1b8f:d7f:cb45:2a9f:3536:8660,91,quarantine,botnet
2026-03-01 01:12:00,whiskey480.foxtrot2385.proxy4545.guard5699.example,38,monitor,phishing
2026-03-01 01:13:00,block5.uniform1275.invalid,67,quarantine,spyware
2026-03-01 01:14:00,2001:db847:5f1b:f92c:58b2:556f:fab2:93e2,28,quarantine,ransomware
2026-03-01 01:15:00,2001:db8b4:7a7f:25:509c:2c76:8d47:cc82,2,alert,adware
2026-03-01 01:16:00,beacon1579.mirror1254.tracker8519.localhost,21,alert,adware
2026-03-01 01:17:00,2001:db8ea:62e0:7f5d:5b98:d493:3605:b746,40,quarantine,botnet
2026-03-01 01:18:00,delta1996.tango6629.block3016.test,16,monitor,botnet
2026-03-01 01:19:00,192.0.2.59,37,alert,adware
2026-03-01 01:20:00,2001:db8f4:136f:2e36:1cc2:771a:7007:a34,48,monitor,c2
2026-03-01 01:21:00,delta2077.feed2959.example,73,quarantine,malware
2026-03-01 01:22:00,golf733.papa602.mike2322.tango3527.test,3,quarantine,c2
2026-03-01 01:23:00,198.51.100.238,54,monitor,phishing
2026-03-01 01:24:00,mike2293.charlie3164.bravo9715.papa8016.localhost,42,monitor,spyware
2026-03-01 01:25:00,intel6922.watch8434.localhost,41,quarantine,spyware
2026-03-01 01:26:00,192.0.2.6,36,alert,botnet
2026-03-01 01:27:00,hotel5784.yankee9852.whiskey6337.lima139.invalid,43,monitor,phishing
2026-03-01 01:28:00,2001:db8f5:ef4f:4271:2c24:21a9:9e5b:cbdb,42,monitor,adware
2026-03-01 01:29:00,2001:db8c0:be52:d31e:dc76:a59b:7b3f:6d87,76,monitor,spyware
2026-03-01 01:30:00,2001:db8a1:12ef:963e:6736:166d:6620:1574,32,quarantine,botnet
2026-03-01 01:31:00,2001:db872:c0d9:c1cd:bb08:27da:80cf:c0ae,61,block,c2
2026-03-01 01:32:00,romeo1313.signal8056.localhost,66,block,ransomware
2026-03-01 01:33:00,probe23.probe1159.yankee5455.detect536.example,97,monitor,botnet
2026-03-01 01:34:00,delta6040.detect181.kilo5354.localhost,42,block,botnet
2026-03-01 01:35:00,2001:db8c6:b8a1:22a6:a69:c7e9:f0b5:164a,63,quarantine,botnet
2026-03-01 01:36:00,203.0.113.77,94,alert,malware
2026-03-01 01:37:00,feed1924.threat1110.block6865.invalid,58,quarantine,spyware
2026-03-01 01:38:00,hotel8694.romeo4073.xray7405.beacon7786.localhost,25,alert,adware
2026-03-01 01:39:00,2001:db81b:de5d:d542:3db7:7414:5da:c3d5,19,alert,spyware
2026-03-01 01:40:00,kilo1815.india8790.cyber7836.invalid,100,block,ransomware
2026-03-01 01:41:00,2001:db84a:b065:c64:9c11:56a8:b30e:e269,32,monitor,adware
2026-03-01 01:42:00,feed3186.probe9596.mirror5897.invalid,1,alert,c2
2026-03-01 01:43:00,india7041.node6994.audit2258.hotel7176.invalid,80,quarantine,botnet
2026-03-01 01:44:00,watch5953.whiskey1462.echo2936.localhost,19,alert,c2
2026-03-01 01:45:00,audit4579.threat3455.beacon8271.uniform5614.example,63,alert,botnet
2026-03-01 01:46:00,sentinel7939.zulu1334.example,69,monitor,spyware
2026-03-01 01:47:00,detect1703.relay7307.example,83,monitor,botnet
2026-03-01 01:48:00,core6620.papa557.hotel3947.zulu8006.example,78,block,c2
2026-03-01 01:49:00,allow9173.threat6915.hunter607.test,94,block,adware
2026-03-01 01:50:00,xray5921.proxy9649.detect9908.example,25,alert,phishing
2026-03-01 01:51:00,203.0.113.18,49,quarantine,adware
2026-03-01 01:52:00,203.0.113.92/25,2,alert,c2
2026-03-01 01:53:00,2001:db8b1:668f:7de:2321:2e2a:91a9:b239,27,monitor,c2
2026-03-01 01:54:00,2001:db8e7:ee9e:a0c8:d022:3dd1:b771:6a4f,4,block,adware
2026-03-01 01:55:00,2001:db832:1bd8:ec2a:2573:94d0:227d:805a,83,quarantine,malware
2026-03-01 01:56:00,2001:db84c:21bf:a8cd:3063:c5eb:917b:8105,48,quarantine,spyware
2026-03-01 01:57:00,2001:db8d5:43ed:5b0a:a50f:3b16:b458:f5f3,19,quarantine,adware
2026-03-01 01:58:00,detect1393.hotel2349.zulu6564.invalid,49,monitor,botnet
2026-03-01 01:59:00,foxtrot3854.xray47.november282.xray9149.localhost,57,alert,malware
2026-03-01 02:00:00,uniform9473.india3269.quebec2224.cyber9082.test,36,quarantine,c2
2026-03-01 02:01:00,block4399.watch9836.threat1479.localhost,26,quarantine,c2
2026-03-01 02:02:00,2001:db8e4:a475:3487:28fe:a7e5:975e:9ced,21,monitor,c2
2026-03-01 02:03:00,sierra9860.november8639.november1687.example,3,block,malware
2026-03-01 02:04:00,tracker2423.quebec9920.intel2415.quebec4054.test,42,quarantine,c2
2026-03-01 02:05:00,juliet4551.india4431.delta4080.november8759.invalid,19,alert,spyware
2026-03-01 02:06:00,xray6514.juliet7007.xray6327.xray200.example,93,quarantine,botnet
2026-03-01 02:07:00,papa1375.juliet6606.beacon7759.detect9284.test,4,quarantine,adware
2026-03-01 02:08:00,2001:db86f:e154:b3ce:6d15:4d80:d2cb:e280,42,quarantine,phishing
2026-03-01 02:09:00,quebec574.foxtrot2044.scan4892.xray8920.test,42,block,adware
2026-03-01 02:10:00,papa6279.cyber9001.allow8827.report8071.test,37,alert,botnet
2026-03-01 02:11:00,relay7806.uniform3794.signal3877.invalid,97,block,botnet
2026-03-01 02:12:00,edge4992.bravo1944.test,8,monitor,ransomware
2026-03-01 02:13:00,2001:db833:552a:d3fa:fc75:c1e6:b3d4:c02d,9,block,phishing
2026-03-01 02:14:00,2001:db8a6:8332:99c1:2f0e:ccb2:6f53:2786,20,block,botnet
2026-03-01 02:15:00,2001:db8ee:5da:85ea:b817:78fc:1fce:3c87,21,monitor,malware
2026-03-01 02:16:00,kilo7603.zulu7803.example,97,alert,c2
2026-03-01 02:17:00,golf8046.bravo6779.echo7972.invalid,44,block,ransomware
2026-03-01 02:18:00,whiskey4419.mike5504.india526.node9318.invalid,44,block,ransomware
2026-03-01 02:19:00,probe1996.edge1966.foxtrot9908.india6160.test,52,block,botnet
2026-03-01 02:20:00,2001:db870:cf92:9f38:3c1d:970f:bc2e:7113,54,quarantine,adware
2026-03-01 02:21:00,2001:db880:d7d1:ffcb:44d9:a1a7:f926:999e,20,block,spyware
2026-03-01 02:22:00,2001:db8e0:986d:1080:e643:868f:b278:2c89,27,quarantine,phishing
2026-03-01 02:23:00,mike4810.tracker8158.allow8271.example,15,alert,phishing
2026-03-01 02:24:00,beacon4104.hotel614.invalid,31,block,adware
2026-03-01 02:25:00,2001:db81c:f9ff:30d3:99cd:1322:c35a:282e,88,block,malware
2026-03-01 02:26:00,203.0.113.52/26,83,monitor,ransomware
2026-03-01 02:27:00,cyber3626.watch2729.report3379.invalid,6,block,phishing
2026-03-01 02:28:00,lima636.cyber4311.beacon6231.probe9567.test,98,monitor,phishing
2026-03-01 02:29:00,2001:db879:8308:6e6a:4c8d:d8b4:38ed:9382,18,alert,c2
2026-03-01 02:30:00,signal3312.foxtrot7271.invalid,50,quarantine,malware
2026-03-01 02:31:00,relay5204.cyber6413.feed6967.localhost,66,alert,ransomware
2026-03-01 02:32:00,juliet6504.scan7060.example,4,quarantine,botnet
2026-03-01 02:33:00,victor9331.feed4992.invalid,9,block,phishing
2026-03-01 02:34:00,lima7219.echo8057.mike6433.test,76,block,phishing
2026-03-01 02:35:00,bravo2033.tango3874.localhost,30,quarantine,malware
2026-03-01 02:36:00,2001:db865:c2eb:32ff:a183:f825:2d11:5f72,45,block,botnet
2026-03-01 02:37:00,probe4551.edge2342.localhost,48,monitor,ransomware
2026-03-01 02:38:00,allow1627.juliet5960.victor2258.hotel3308.localhost,28,monitor,botnet
2026-03-01 02:39:00,cyber4762.threat3094.echo7794.relay6021.test,1,alert,c2
2026-03-01 02:40:00,delta4255.charlie1816.delta4986.echo4321.example,72,alert,botnet
2026-03-01 02:41:00,mike9101.yankee5903.localhost,50,monitor,spyware
2026-03-01 02:42:00,2001:db89e:7d2c:2c24:de74:3b62:e820:1c2c,26,alert,c2
2026-03-01 02:43:00,2001:db826:56a9:47a8:fa04:5e3b:1e12:1151,26,alert,c2
2026-03-01 02:44:00,2001:db8c8:6cee:12c4:856f:f1b7:4c19:bb4c,51,block,adware
2026-03-01 02:45:00,2001:db81d:28f0:efa5:1f14:b8cb:d4f7:bcf6,37,quarantine,malware
2026-03-01 02:46:00,bravo1803.alpha717.india4069.invalid,58,quarantine,phishing
2026-03-01 02:47:00,2001:db889:56d3:c2ef:56c8:4716:89af:9a2d,24,block,malware
2026-03-01 02:48:00,198.51.100.82,50,block,adware
2026-03-01 02:49:00,signal1539.golf4991.example,27,monitor,spyware
2026-03-01 02:50:00,2001:db86b:f154:afaa:bb5a:5e29:ff5e:d90f,73,alert,spyware
2026-03-01 02:51:00,victor8857.report290.mirror518.threat1952.localhost,89,monitor,botnet
2026-03-01 02:52:00,juliet1610.detect2175.november599.localhost,39,alert,ransomware
2026-03-01 02:53:00,guard2091.quebec156.relay8415.test,7,monitor,botnet
2026-03-01 02:54:00,allow649.xray4697.zulu6702.beacon2114.localhost,33,monitor,botnet
2026-03-01 02:55:00,2001:db8c7:25a2:2a00:8933:4ef6:c28f:4efd,4,alert,malware
2026-03-01 02:56:00,scan5564.kilo4908.xray7144.test,28,monitor,spyware
2026-03-01 02:57:00,203.0.113.54,43,monitor,ransomware
2026-03-01 02:58:00,papa7074.node9670.localhost,93,quarantine,adware
2026-03-01 02:59:00,2001:db83c:ea6c:5855:984a:2b64:4494:a059,42,quarantine,ransomware
2026-03-01 03:00:00,2001:db853:f28e:e9fa:4c41:4791:a7eb:a316,78,monitor,ransomware
2026-03-01 03:01:00,2001:db82a:d17a:fbc3:d4cd:e340:fa36:55a2,62,alert,spyware
2026-03-01 03:02:00,uniform4404.november9530.localhost,86,monitor,malware
2026-03-01 03:03:00,2001:db8c2:a253:f5a8:b296:8c02:9359:3e66,79,block,malware
2026-03-01 03:04:00,block7078.bravo9709.example,4,block,spyware
2026-03-01 03:05:00,192.0.2.252,2,alert,malware
2026-03-01 03:06:00,detect4954.lima1839.example,39,quarantine,ransomware
2026-03-01 03:07:00,alpha6963.node8755.proxy5654.papa8653.invalid,94,monitor,malware
2026-03-01 03:08:00,oscar3329.mike4362.example,7,alert,phishing
2026-03-01 03:09:00,charlie6950.allow2798.localhost,83,monitor,ransomware
2026-03-01 03:10:00,proxy1280.relay8835.guard5120.beacon865.example,95,alert,malware
2026-03-01 03:11:00,uniform6514.relay3477.localhost,36,quarantine,adware
2026-03-01 03:12:00,juliet9825.alpha154.golf8887.example,3,alert,spyware
2026-03-01 03:13:00,yankee8457.mirror808.mike4771.feed6522.example,5,block,c2
2026-03-01 03:14:00,2001:db8e7:9237:fb7e:667d:3eca:457e:25ea,19,alert,ransomware
2026-03-01 03:15:00,whiskey7934.detect2951.tango3800.sierra7948.localhost,27,block,adware
2026-03-01 03:16:00,papa8309.audit895.localhost,96,block,ransomware
2026-03-01 03:17:00,delta8498.november5933.report3252.kilo8777.localhost,23,block,malware
2026-03-01 03:18:00,core5186.alpha2466.intel2417.allow5185.invalid,12,monitor,ransomware
2026-03-01 03:19:00,victor4479.echo9281.detect7787.threat3437.example,75,alert,c2
2026-03-01 03:20:00,198.51.100.177,3,quarantine,malware
2026-03-01 03:21:00,2001:db84d:e7d1:8b55:fbe6:6025:a42b:9ee,94,monitor,phishing
2026-03-01 03:22:00,romeo2236.bravo4234.example,9,quarantine,adware
2026-03-01 03:23:00,whiskey7007.intel6890.cyber7558.invalid,49,block,malware
2026-03-01 03:24:00,probe1235.report3508.sierra4345.invalid,64,quarantine,spyware
2026-03-01 03:25:00,cyber1808.hotel6056.watch4745.charlie8566.test,60,quarantine,phishing
2026-03-01 03:26:00,beacon4147.alpha7515.localhost,2,block,adware
2026-03-01 03:27:00,cyber8549.allow3547.localhost,9,alert,adware
2026-03-01 03:28:00,signal2461.bravo9621.yankee7815.guard613.example,37,quarantine,phishing
2026-03-01 03:29:00,india3868.hotel9355.proxy8197.hotel8552.example,35,block,adware
2026-03-01 03:30:00,2001:db863:d347:48ef:5268:5e34:710b:8167,35,monitor,phishing
2026-03-01 03:31:00,2001:db893:2a7:50dd:d056:f38e:f474:661f,89,quarantine,spyware
2026-03-01 03:32:00,tracker2.papa4926.charlie8511.example,1,block,spyware
2026-03-01 03:33:00,core982.detect3288.xray7578.juliet3939.test,73,quarantine,botnet
2026-03-01 03:34:00,2001:db851:b756:2550:a2be:709e:5e24:22e8,90,quarantine,spyware
2026-03-01 03:35:00,2001:db890:9e72:f022:6356:bc55:e195:ec61,30,block,c2
2026-03-01 03:36:00,probe3792.oscar5508.threat7852.delta8354.localhost,47,block,botnet
2026-03-01 03:37:00,yankee7606.threat1660.victor426.localhost,48,quarantine,spyware
2026-03-01 03:38:00,victor3667.watch9842.echo5624.yankee6253.localhost,61,monitor,c2
2026-03-01 03:39:00,sentinel1915.mirror5051.example,85,alert,adware
2026-03-01 03:40:00,intel5225.tracker1861.example,71,monitor,c2
2026-03-01 03:41:00,india723.delta2092.example,95,alert,ransomware
2026-03-01 03:42:00,signal5497.bravo3925.sierra2667.report1745.invalid,23,quarantine,c2
2026-03-01 03:43:00,intel2362.audit6899.papa3453.test,60,alert,spyware
2026-03-01 03:44:00,scan5342.cyber7389.test,38,monitor,spyware
2026-03-01 03:45:00,node5941.india7241.sentinel8571.example,87,quarantine,adware
2026-03-01 03:46:00,victor1341.watch416.test,70,quarantine,c2
2026-03-01 03:47:00,core9478.beacon2370.example,56,block,botnet
2026-03-01 03:48:00,uniform1138.kilo3070.example,33,monitor,c2
2026-03-01 03:49:00,2001:db856:57b:6746:926f:63b5:1135:769d,46,quarantine,ransomware
2026-03-01 03:50:00,feed6188.india9401.audit3273.mike4137.localhost,97,monitor,malware
2026-03-01 03:51:00,2001:db8f7:2064:559c:de8d:8d4a:d79a:9979,44,monitor,botnet
2026-03-01 03:52:00,allow4310.foxtrot2242.romeo1909.example,44,monitor,spyware
2026-03-01 03:53:00,bravo7167.alpha9721.test,74,monitor,spyware
2026-03-01 03:54:00,uniform6821.lima2464.localhost,27,quarantine,malware
2026-03-01 03:55:00,oscar4770.tracker8592.invalid,54,block,botnet
2026-03-01 03:56:00,allow6945.block6783.sentinel5464.test,70,block,botnet
2026-03-01 03:57:00,foxtrot4098.uniform2687.edge2025.invalid,14,block,c2
2026-03-01 03:58:00,sierra3150.block5634.localhost,71,monitor,adware
2026-03-01 03:59:00,203.0.113.141,30,alert,ransomware
2026-03-01 04:00:00,lima4290.golf344.test,15,alert,adware
2026-03-01 04:01:00,guard7355.yankee8373.probe3809.scan9626.invalid,48,quarantine,botnet
2026-03-01 04:02:00,scan1269.papa3344.example,85,quarantine,phishing
2026-03-01 04:03:00,echo205.watch6824.test,74,alert,adware
2026-03-01 04:04:00,2001:db8e1:c34c:bd22:5f87:e43c:16d8:86ce,53,block,phishing
2026-03-01 04:05:00,tango6455.echo7926.yankee7730.sentinel2956.example,82,quarantine,phishing
2026-03-01 04:06:00,2001:db833:fde:dcd6:547a:de4f:506f:1b6b,89,monitor,adware
2026-03-01 04:07:00,2001:db80f:9a4a:2c4a:9023:e017:c348:ca4c,1,block,ransomware
2026-03-01 04:08:00,cyber8090.tango3846.test,19,block,adware
2026-03-01 04:09:00,tango6564.delta1486.xray8760.victor1319.localhost,40,monitor,spyware
2026-03-01 04:10:00,report5042.allow8749.localhost,52,alert,spyware
2026-03-01 04:11:00,mike6490.hotel4545.localhost,27,block,spyware
2026-03-01 04:12:00,whiskey7355.cyber7369.proxy7139.sierra7817.test,25,block,malware
2026-03-01 04:13:00,oscar3326.feed3841.localhost,4,alert,malware
2026-03-01 04:14:00,romeo238.core7015.proxy4042.test,27,monitor,spyware
2026-03-01 04:15:00,yankee6948.proxy4044.papa7828.charlie5922.invalid,100,block,malware
2026-03-01 04:16:00,tracker6077.india9168.charlie9511.test,33,quarantine,malware
2026-03-01 04:17:00,core9312.signal8502.quebec2664.yankee7657.test,55,alert,adware
2026-03-01 04:18:00,tracker2751.core2737.invalid,52,block,adware
2026-03-01 04:19:00,sierra3310.juliet6157.november622.test,77,alert,c2
2026-03-01 04:20:00,2001:db894:873b:edb5:19a4:331a:5972:1432,50,alert,phishing
2026-03-01 04:21:00,charlie329.mirror8628.invalid,39,quarantine,botnet
2026-03-01 04:22:00,november6401.echo8758.yankee3086.localhost,76,quarantine,adware
2026-03-01 04:23:00,cyber1957.delta7265.invalid,79,block,adware
2026-03-01 04:24:00,allow1008.foxtrot3566.india9516.invalid,63,block,ransomware
2026-03-01 04:25:00,quebec4322.detect5129.threat2704.example,41,alert,malware
2026-03-01 04:26:00,edge8616.threat7434.localhost,33,quarantine,spyware
2026-03-01 04:27:00,2001:db81f:eabb:2b78:30ef:445b:c9e8:2650,50,block,ransomware
2026-03-01 04:28:00,hunter3328.lima9085.charlie6295.test,89,alert,adware
2026-03-01 04:29:00,beacon6219.romeo2791.india9560.intel1965.test,63,block,ransomware
2026-03-01 04:30:00,2001:db869:6b75:b385:db38:54fb:4749:69ca,5,quarantine,spyware
2026-03-01 04:31:00,192.0.2.52/28,12,quarantine,c2
2026-03-01 04:32:00,block6039.hotel9508.block1312.juliet8625.example,70,block,malware
2026-03-01 04:33:00,report5134.mike6789.zulu4117.beacon8444.localhost,32,block,ransomware
2026-03-01 04:34:00,papa9496.feed1387.example,49,alert,phishing
2026-03-01 04:35:00,proxy2139.intel5868.test,78,quarantine,malware
2026-03-01 04:36:00,2001:db89a:3f47:8166:f2e4:4e66:6936:4c3,42,alert,botnet
2026-03-01 04:37:00,tango7397.cyber8598.test,100,quarantine,phishing
2026-03-01 04:38:00,india8490.sierra6112.localhost,79,quarantine,malware
2026-03-01 04:39:00,papa8833.signal1932.sierra4902.block4810.example,2,monitor,botnet
2026-03-01 04:40:00,198.51.100.60/25,87,block,botnet
2026-03-01 04:41:00,golf786.kilo5211.mirror6383.lima5656.localhost,57,block,botnet
2026-03-01 04:42:00,signal6195.signal4268.tracker848.romeo1360.test,24,quarantine,c2
2026-03-01 04:43:00,lima3269.kilo9925.localhost,90,quarantine,spyware
2026-03-01 04:44:00,watch6587.oscar1507.edge9474.invalid,69,block,c2
2026-03-01 04:45:00,2001:db875:baeb:cd1a:8f2b:e6c5:5c1a:4324,75,block,adware
2026-03-01 04:46:00,romeo9424.beacon5151.golf5691.sierra2714.invalid,67,quarantine,phishing
2026-03-01 04:47:00,203.0.113.203,58,alert,spyware
2026-03-01 04:48:00,198.51.100.124/25,21,block,c2
2026-03-01 04:49:00,2001:db8c9:a37d:4c95:a756:710c:4e6f:19dd,77,alert,ransomware
2026-03-01 04:50:00,2001:db8e4:65dd:595d:91b8:b5d0:a672:f998,15,monitor,spyware
2026-03-01 04:51:00,watch86.intel5554.papa9529.test,10,monitor,ransomware
2026-03-01 04:52:00,audit2561.scan914.zulu4316.localhost,63,monitor,malware
2026-03-01 04:53:00,sierra2960.kilo8336.example,50,monitor,spyware
2026-03-01 04:54:00,mirror7002.audit1064.example,49,block,c2
2026-03-01 04:55:00,core3237.papa6948.test,24,monitor,c2
2026-03-01 04:56:00,cyber9866.core8974.proxy5354.localhost,88,quarantine,phishing
2026-03-01 04:57:00,2001:db85c:668d:af72:d181:ea46:4954:a1fd,92,quarantine,spyware
2026-03-01 04:58:00,192.0.2.25,90,block,malware
2026-03-01 04:59:00,2001:db80f:ec07:19ed:5602:ddc6:ca3d:fe04,22,monitor,phishing
2026-03-01 05:00:00,proxy862.signal2934.allow6420.tango2609.invalid,95,block,ransomware
2026-03-01 05:01:00,detect7417.whiskey4352.hotel9017.foxtrot5807.localhost,64,alert,spyware
2026-03-01 05:02:00,beacon6163.signal2585.bravo7979.foxtrot105.invalid,90,quarantine,malware
2026-03-01 05:03:00,192.0.2.194,91,alert,adware
2026-03-01 05:04:00,2001:db87f:cd36:d62b:12d2:b814:2b82:37ff,70,block,ransomware
2026-03-01 05:05:00,uniform4226.yankee1982.delta3319.test,61,block,c2
2026-03-01 05:06:00,block9267.threat4226.probe7800.node1960.example,56,quarantine,malware
2026-03-01 05:07:00,juliet3347.detect372.sierra6825.test,9,block,c2
2026-03-01 05:08:00,scan6706.lima53.tango4486.audit5746.invalid,86,alert,ransomware
2026-03-01 05:09:00,2001:db8d5:18e0:188e:375a:a1b:18b2:3b48,52,monitor,phishing
2026-03-01 05:10:00,romeo1885.quebec4053.localhost,16,block,phishing
2026-03-01 05:11:00,edge9404.block3535.allow4776.localhost,12,monitor,adware
2026-03-01 05:12:00,oscar4245.hotel4768.invalid,26,quarantine,adware
2026-03-01 05:13:00,intel695.papa8499.report6482.invalid,70,alert,botnet
2026-03-01 05:14:00,delta1411.threat6422.lima9767.localhost,34,quarantine,malware
2026-03-01 05:15:00,quebec257.report9557.invalid,85,monitor,botnet
2026-03-01 05:16:00,2001:db8eb:7dd0:ffa4:acd5:83c0:fa2c:fb2f,53,block,botnet
2026-03-01 05:17:00,block325.mirror6250.localhost,6,monitor,phishing
2026-03-01 05:18:00,2001:db8b8:279:a05d:7e0a:716b:df4b:8da8,19,alert,phishing
2026-03-01 05:19:00,2001:db846:3be0:5db8:bf21:4860:c6e4:d623,96,quarantine,malware
2026-03-01 05:20:00,cyber6466.proxy6114.yankee8021.example,48,block,botnet
2026-03-01 05:21:00,198.51.100.248,2,block,botnet
2026-03-01 05:22:00,2001:db8aa:850:b6d5:2297:b089:7b74:3513,86,alert,botnet
2026-03-01 05:23:00,2001:db862:eaf6:83b8:5f55:736:ac99:970d,68,block,c2
2026-03-01 05:24:00,signal9962.alpha2037.tango9314.tracker5260.example,18,alert,phishing
2026-03-01 05:25:00,hotel4146.charlie1086.tango169.invalid,62,monitor,phishing
2026-03-01 05:26:00,2001:db8da:692c:a1bd:d154:b97b:3692:4f3f,85,quarantine,ransomware
2026-03-01 05:27:00,mike1383.cyber6023.lima6448.localhost,62,monitor,malware
2026-03-01 05:28:00,2001:db8e1:4ba9:7c01:102a:3844:61ae:9b2,23,quarantine,botnet
2026-03-01 05:29:00,whiskey9001.uniform4441.juliet4642.watch4012.test,82,block,phishing
2026-03-01 05:30:00,detect9623.hunter6275.example,86,monitor,spyware
2026-03-01 05:31:00,hunter813.oscar1876.hunter631.lima8303.localhost,66,monitor,spyware
2026-03-01 05:32:00,cyber5527.feed217.sierra1823.test,98,block,ransomware
2026-03-01 05:33:00,2001:db831:6145:d18d:87d0:9023:9844:799f,66,block,botnet
2026-03-01 05:34:00,yankee8343.xray8169.detect7607.lima5273.example,22,monitor,adware
2026-03-01 05:35:00,198.51.100.15,97,quarantine,spyware
2026-03-01 05:36:00,hunter7283.charlie5812.test,81,alert,phishing
2026-03-01 05:37:00,intel1969.watch6381.alpha9512.example,34,quarantine,malware
2026-03-01 05:38:00,2001:db892:d431:4c9d:4be0:334d:3615:33b5,97,quarantine,malware
2026-03-01 05:39:00,node5158.charlie7101.golf8541.uniform3120.invalid,42,quarantine,malware
2026-03-01 05:40:00,2001:db88c:faed:612a:5f8d:b201:a5b9:efd1,25,alert,ransomware
2026-03-01 05:41:00,quebec1262.kilo160.example,58,monitor,adware
2026-03-01 05:42:00,core7510.romeo150.kilo5862.test,17,quarantine,botnet
2026-03-01 05:43:00,2001:db85c:5c5f:8bea:9e33:adfd:b3b9:320,66,quarantine,adware
2026-03-01 05:44:00,2001:db817:f061:a3f5:6800:bdcd:a037:d3ee,97,monitor,phishing
2026-03-01 05:45:00,203.0.113.112/25,77,alert,ransomware
2026-03-01 05:46:00,2001:db8e5:165e:d25c:ba85:799d:e36e:91e2,99,block,ransomware
2026-03-01 05:47:00,192.0.2.9,77,block,ransomware
2026-03-01 05:48:00,2001:db801:f23e:ba01:e7b2:3a61:31e3:7188,9,block,adware
2026-03-01 05:49:00,delta8517.sierra6870.zulu9071.tango5140.example,100,monitor,spyware
2026-03-01 05:50:00,node6629.zulu6438.golf3603.core4396.localhost,83,block,c2
2026-03-01 05:51:00,lima3261.echo6323.example,36,quarantine,c2
2026-03-01 05:52:00,intel9298.uniform3812.invalid,60,alert,c2
2026-03-01 05:53:00,2001:db86b:3f18:1563:293:c9c5:2b95:9c00,69,alert,c2
2026-03-01 05:54:00,juliet9571.cyber7321.tracker2005.test,61,quarantine,ransomware
2026-03-01 05:55:00,victor7040.sentinel132.threat7868.sierra4624.localhost,97,monitor,ransomware
2026-03-01 05:56:00,2001:db8a9:b29:2102:653f:e309:41f0:2f17,44,block,adware
2026-03-01 05:57:00,watch2052.golf5329.echo8807.test,63,alert,botnet
2026-03-01 05:58:00,hunter7401.foxtrot8203.hotel2946.test,67,block,c2
2026-03-01 05:59:00,core3224.threat9589.invalid,81,alert,c2
2026-03-01 06:00:00,core7455.mirror7372.beacon4343.victor3067.test,37,monitor,c2
2026-03-01 06:01:00,hotel7634.hotel8516.india8124.example,42,monitor,botnet
2026-03-01 06:02:00,romeo550.hunter4505.hunter7844.zulu720.example,25,alert,c2
2026-03-01 06:03:00,bravo6959.xray887.node1737.tracker9530.invalid,25,alert,botnet
2026-03-01 06:04:00,probe3486.guard8362.sierra746.test,87,quarantine,c2
2026-03-01 06:05:00,2001:db88c:7370:b129:916e:2860:804f:6481,34,quarantine,adware
2026-03-01 06:06:00,2001:db81a:a93f:eec2:4f42:1473:4eb2:a52f,85,monitor,spyware
2026-03-01 06:07:00,2001:db854:4210:dd80:1c5f:3f92:4e58:9bb6,79,monitor,spyware
2026-03-01 06:08:00,zulu151.report7547.example,99,alert,phishing
2026-03-01 06:09:00,lima3362.audit569.tracker5193.example,88,alert,adware
2026-03-01 06:10:00,proxy6259.hunter4217.probe9902.audit3378.localhost,70,alert,phishing
2026-03-01 06:11:00,cyber7250.sierra2684.core6945.core6787.test,60,monitor,malware
2026-03-01 06:12:00,kilo9375.threat3963.audit6413.test,93,alert,adware
2026-03-01 06:13:00,yankee3616.echo7717.localhost,32,monitor,botnet
2026-03-01 06:14:00,2001:db8e2:4afe:94b6:1589:9344:2876:b156,82,alert,phishing
2026-03-01 06:15:00,2001:db869:4e9:ab87:bf:c0a7:9d72:3538,83,quarantine,c2
2026-03-01 06:16:00,proxy3944.kilo8381.test,32,quarantine,ransomware
2026-03-01 06:17:00,threat1574.india8628.feed5133.example,92,alert,botnet
2026-03-01 06:18:00,2001:db867:3f9c:50e3:e1f0:e9bc:58:db08,59,alert,phishing
2026-03-01 06:19:00,198.51.100.165,33,block,c2
2026-03-01 06:20:00,2001:db8d2:8500:b8d0:b87a:83f3:b033:a27,16,quarantine,spyware
2026-03-01 06:21:00,threat2131.block3520.localhost,71,quarantine,malware
2026-03-01 06:22:00,edge7363.probe5947.invalid,9,monitor,spyware
2026-03-01 06:23:00,192.0.2.93,33,quarantine,ransomware
2026-03-01 06:24:00,lima5047.zulu1141.sentinel1782.localhost,71,alert,botnet
2026-03-01 06:25:00,2001:db84b:7cc2:1617:417a:527f:44fa:1410,73,quarantine,phishing
2026-03-01 06:26:00,audit5116.detect5583.mirror2622.bravo457.example,35,block,ransomware
2026-03-01 06:27:00,hunter4522.november9574.localhost,81,quarantine,botnet
2026-03-01 06:28:00,lima6968.juliet4941.beacon4703.whiskey1703.example,14,quarantine,ransomware
2026-03-01 06:29:00,delta4986.hotel4412.xray4597.whiskey6850.test,50,alert,malware
2026-03-01 06:30:00,alpha2524.quebec4918.localhost,18,monitor,malware
2026-03-01 06:31:00,whiskey5841.beacon9154.india1101.feed7005.localhost,47,block,malware
2026-03-01 06:32:00,2001:db817:42e5:f756:f9eb:39d2:d293:e1a1,9,alert,malware
2026-03-01 06:33:00,tango6964.yankee9362.test,71,alert,phishing
2026-03-01 06:34:00,threat8408.hunter5862.tango9563.report2386.test,13,quarantine,phishing
2026-03-01 06:35:00,2001:db829:663b:31a8:d2d:69f5:5777:9568,6,block,malware
2026-03-01 06:36:00,relay915.audit856.example,15,alert,botnet
2026-03-01 06:37:00,romeo1451.kilo407.watch5061.audit2029.invalid,93,alert,c2
2026-03-01 06:38:00,node2765.delta6571.beacon7028.example,56,monitor,phishing
2026-03-01 06:39:00,2001:db80d:72cf:3e23:66e6:471a:7935:fcf0,29,alert,botnet
2026-03-01 06:40:00,sierra776.juliet5786.sierra7470.test,46,monitor,phishing
2026-03-01 06:41:00,2001:db88b:76db:26eb:ae62:cb1c:a71a:f2b,3,alert,spyware
2026-03-01 06:42:00,2001:db82b:74ce:b62c:c037:dd1b:5f19:c298,29,monitor,spyware
2026-03-01 06:43:00,192.0.2.32/28,50,monitor,botnet
2026-03-01 06:44:00,sentinel4492.node2113.example,79,block,phishing
2026-03-01 06:45:00,2001:db899:a104:804:6a10:49d3:cbed:2764,12,alert,spyware
2026-03-01 06:46:00,papa1767.block3906.victor892.example,63,block,malware
2026-03-01 06:47:00,xray7348.report2664.example,32,quarantine,phishing
2026-03-01 06:48:00,allow9749.beacon3614.invalid,31,quarantine,botnet
2026-03-01 06:49:00,proxy8925.golf7277.scan9523.invalid,22,monitor,phishing
2026-03-01 06:50:00,beacon4494.xray4404.example,36,block,malware
2026-03-01 06:51:00,yankee3542.whiskey3437.mike9451.alpha6067.example,31,alert,ransomware
2026-03-01 06:52:00,delta4397.allow3588.victor748.example,75,quarantine,ransomware
2026-03-01 06:53:00,proxy4058.golf5372.detect9542.mike5920.localhost,28,monitor,malware
2026-03-01 06:54:00,2001:db809:6b03:6c7a:6858:846e:f74f:485e,11,quarantine,adware
2026-03-01 06:55:00,2001:db8c6:2fa6:a61b:c53d:651:956d:d3de,57,quarantine,phishing
2026-03-01 06:56:00,2001:db8ad:3fbb:bc6d:dfb8:cccf:e125:c5f6,95,quarantine,spyware
2026-03-01 06:57:00,2001:db813:432d:6c21:b38:5685:3f0f:bbb1,79,quarantine,malware
2026-03-01 06:58:00,quebec8109.india3727.probe2859.test,70,alert,phishing
2026-03-01 06:59:00,2001:db8d5:4982:9521:dbc5:cd:b4a4:7b2b,87,quarantine,ransomware
2026-03-01 07:00:00,2001:db82c:fb5d:4ea3:1be8:b8be:1f4:daef,68,alert,c2
2026-03-01 07:01:00,november8459.juliet9209.proxy8116.india3663.test,3,quarantine,botnet
2026-03-01 07:02:00,foxtrot2991.core1416.test,79,quarantine,spyware
2026-03-01 07:03:00,foxtrot6029.kilo9294.invalid,57,monitor,c2
2026-03-01 07:04:00,core1334.block1063.test,19,block,botnet
2026-03-01 07:05:00,relay2308.signal2639.example,90,quarantine,phishing
2026-03-01 07:06:00,2001:db85c:1353:ac6c:4318:c0e1:4efa:5312,52,monitor,phishing
2026-03-01 07:07:00,whiskey1756.alpha5730.core3051.localhost,41,alert,ransomware
2026-03-01 07:08:00,tango5550.report7269.invalid,36,monitor,adware
2026-03-01 07:09:00,mirror7425.charlie1711.proxy860.report2882.test,38,monitor,ransomware
2026-03-01 07:10:00,intel2797.guard1048.invalid,77,quarantine,malware
2026-03-01 07:11:00,foxtrot897.romeo1754.example,88,monitor,adware
2026-03-01 07:12:00,node1550.guard2968.yankee7933.localhost,90,block,ransomware
2026-03-01 07:13:00,2001:db8ce:511e:faa9:2d13:4241:de0f:dbdb,92,block,ransomware
2026-03-01 07:14:00,probe171.whiskey3593.example,74,alert,c2
2026-03-01 07:15:00,192.0.2.88/30,49,block,ransomware
2026-03-01 07:16:00,charlie4487.mike2396.threat290.test,56,quarantine,ransomware
2026-03-01 07:17:00,192.0.2.10,12,quarantine,c2
2026-03-01 07:18:00,beacon3395.sierra1413.localhost,45,monitor,c2
2026-03-01 07:19:00,foxtrot9728.sierra6820.localhost,47,alert,ransomware
2026-03-01 07:20:00,2001:db89b:2543:6056:6f1c:f573:6af3:aa7a,21,monitor,phishing
2026-03-01 07:21:00,sentinel2592.bravo2407.xray2315.invalid,75,monitor,spyware
2026-03-01 07:22:00,203.0.113.196/24,5,quarantine,c2
2026-03-01 07:23:00,quebec8908.november8109.example,7,monitor,malware
2026-03-01 07:24:00,cyber3958.alpha6793.charlie255.invalid,91,monitor,malware
2026-03-01 07:25:00,report2756.sierra2360.test,79,block,c2
2026-03-01 07:26:00,foxtrot8460.core3510.alpha7116.echo8040.test,11,alert,ransomware
2026-03-01 07:27:00,2001:db8af:27e7:43f1:73cf:e3df:4c1:420,20,alert,phishing
2026-03-01 07:28:00,2001:db827:caa1:9edc:add4:7171:aa87:5615,56,alert,spyware
2026-03-01 07:29:00,bravo8487.scan2497.november5979.hotel3555.invalid,24,monitor,ransomware
2026-03-01 07:30:00,203.0.113.112,40,monitor,botnet
2026-03-01 07:31:00,whiskey492.audit1888.test,9,monitor,spyware
2026-03-01 07:32:00,2001:db844:372d:d435:17ce:3f16:e6a8:ea2e,12,block,botnet
2026-03-01 07:33:00,2001:db89e:4869:b31b:9ed6:c8ae:4205:2b60,84,monitor,c2
2026-03-01 07:34:00,lima6694.juliet472.sierra4290.test,71,quarantine,ransomware
2026-03-01 07:35:00,2001:db83a:3a58:8653:fa9d:a076:c6fb:c8fb,22,monitor,malware
2026-03-01 07:36:00,203.0.113.191,26,block,malware
2026-03-01 07:37:00,2001:db8f3:c4da:ece8:1500:e643:6060:a49f,99,block,c2
2026-03-01 07:38:00,foxtrot3315.india7872.mirror9222.feed2673.example,23,block,spyware
2026-03-01 07:39:00,proxy3472.zulu918.test,60,alert,adware
2026-03-01 07:40:00,guard1317.detect3094.threat2717.threat4144.example,23,monitor,botnet
2026-03-01 07:41:00,2001:db877:e0bf:77fb:6f3d:1ce6:47bf:941a,24,monitor,spyware
2026-03-01 07:42:00,signal7097.mike6579.victor1057.example,2,alert,spyware
2026-03-01 07:43:00,whiskey2089.zulu9125.papa4807.invalid,22,alert,botnet
2026-03-01 07:44:00,2001:db8f2:78bb:dd4b:c303:6462:4aac:4c91,3,block,ransomware
2026-03-01 07:45:00,2001:db806:829e:34af:3b0d:74f1:150:168c,18,monitor,malware
2026-03-01 07:46:00,watch1602.allow1640.node3374.example,61,monitor,spyware
2026-03-01 07:47:00,2001:db842:193f:cc62:866d:2b8f:cc0b:de75,17,monitor,spyware
2026-03-01 07:48:00,2001:db83a:7c1f:a6da:c08a:8f83:c92e:bae3,78,alert,botnet
2026-03-01 07:49:00,2001:db800:bb47:d30c:8505:4fba:9b6d:567,36,quarantine,phishing
2026-03-01 07:50:00,sentinel7879.echo5460.india7689.mike2536.test,59,monitor,adware
2026-03-01 07:51:00,sierra8225.tracker9188.juliet1410.example,15,monitor,phishing
2026-03-01 07:52:00,lima5413.uniform7427.allow496.invalid,82,block,malware
2026-03-01 07:53:00,intel9314.quebec5824.example,49,monitor,malware
2026-03-01 07:54:00,signal6351.papa3422.beacon9944.echo2497.localhost,37,quarantine,botnet
2026-03-01 07:55:00,threat3047.whiskey4020.echo3526.example,63,quarantine,botnet
2026-03-01 07:56:00,whiskey6884.feed352.sierra3098.invalid,70,quarantine,botnet
2026-03-01 07:57:00,node7905.sierra2373.november3574.test,60,alert,spyware
2026-03-01 07:58:00,2001:db844:fd62:f0f0:924d:42f:3709:dca2,78,quarantine,spyware
2026-03-01 07:59:00,2001:db8ac:71b5:dd26:945e:c9e4:4bc8:43ae,33,quarantine,phishing
2026-03-01 08:00:00,intel1252.hotel2151.bravo7857.example,65,quarantine,phishing
2026-03-01 08:01:00,2001:db80c:fc99:640e:7d81:4d17:343:d1f0,5,monitor,malware
2026-03-01 08:02:00,feed4960.xray9035.example,77,alert,spyware
2026-03-01 08:03:00,node3084.bravo3429.localhost,39,block,botnet
2026-03-01 08:04:00,2001:db8a9:ac39:facd:997e:f325:884:bc99,53,quarantine,ransomware
2026-03-01 08:05:00,romeo7974.feed3665.kilo4727.example,39,alert,malware
2026-03-01 08:06:00,192.0.2.178,41,quarantine,phishing
2026-03-01 08:07:00,2001:db8a2:793a:9556:85a0:a148:c931:a70a,97,block,phishing
2026-03-01 08:08:00,uniform2974.bravo959.tango6389.golf5244.test,56,monitor,ransomware
2026-03-01 08:09:00,2001:db8f3:8d5c:3d42:caa7:7c76:492:1580,76,monitor,adware
2026-03-01 08:10:00,scan3963.scan9343.invalid,39,quarantine,phishing
2026-03-01 08:11:00,india2214.alpha3127.invalid,19,block,phishing
2026-03-01 08:12:00,scan6371.india1798.golf347.test,57,alert,ransomware
2026-03-01 08:13:00,2001:db8c9:c5cf:e694:8f37:3cd4:41e0:3180,52,quarantine,adware
2026-03-01 08:14:00,203.0.113.101,60,alert,phishing
2026-03-01 08:15:00,2001:db824:656e:f9c8:ca67:6467:7e13:7c10,60,monitor,ransomware
2026-03-01 08:16:00,quebec7195.tracker2019.threat2397.probe355.test,7,monitor,phishing
2026-03-01 08:17:00,cyber5300.feed409.lima7434.test,82,block,c2
2026-03-01 08:18:00,2001:db8a0:2f9e:cc40:af19:26ed:5b62:f3ff,48,block,c2
2026-03-01 08:19:00,2001:db83d:7f1c:d51f:a3ce:8ae2:27e0:bee0,60,quarantine,adware
2026-03-01 08:20:00,signal3962.core9646.signal3194.example,56,block,botnet
2026-03-01 08:21:00,mirror4919.sentinel8802.test,38,alert,spyware
2026-03-01 08:22:00,2001:db857:da1c:3b57:30a3:177e:4f3:46db,66,quarantine,malware
2026-03-01 08:23:00,golf2071.charlie7069.bravo2736.echo2169.localhost,62,block,c2
2026-03-01 08:24:00,relay6930.romeo893.echo6109.whiskey7413.localhost,43,monitor,c2
2026-03-01 08:25:00,xray2808.detect7107.edge1072.invalid,65,monitor,malware
2026-03-01 08:26:00,2001:db83c:8fc6:6c4b:4cec:5fb2:5091:b975,13,monitor,adware
2026-03-01 08:27:00,relay6880.yankee5138.localhost,92,alert,malware
2026-03-01 08:28:00,2001:db8b9:ce77:bb5c:172a:cd19:1a31:63a9,4,monitor,adware
2026-03-01 08:29:00,feed6304.whiskey3699.lima6960.sentinel122.localhost,67,alert,malware
2026-03-01 08:30:00,beacon8901.watch4807.invalid,58,quarantine,c2
2026-03-01 08:31:00,hunter1819.victor3445.tango7475.test,79,quarantine,c2
2026-03-01 08:32:00,romeo2644.kilo296.sentinel1647.test,80,alert,c2
2026-03-01 08:33:00,threat9494.oscar9696.juliet9400.invalid,48,block,spyware
2026-03-01 08:34:00,charlie1685.report4862.invalid,67,block,ransomware
2026-03-01 08:35:00,mirror4373.sentinel9291.test,98,quarantine,ransomware
2026-03-01 08:36:00,romeo4657.threat9576.example,98,block,adware
2026-03-01 08:37:00,beacon9169.scan1678.test,100,block,phishing
2026-03-01 08:38:00,block4591.sentinel1651.threat3029.example,49,alert,adware
2026-03-01 08:39:00,2001:db8e3:11ff:b6b3:a680:f3ca:ef33:8b79,92,quarantine,adware
2026-03-01 08:40:00,delta6111.quebec8315.whiskey2029.delta2044.localhost,93,alert,phishing
2026-03-01 08:41:00,oscar4856.edge4400.audit1952.test,19,monitor,malware
2026-03-01 08:42:00,block4195.mirror7243.hunter2302.invalid,79,quarantine,c2
2026-03-01 08:43:00,2001:db86f:d325:4665:767e:22cc:4d53:4ae,51,monitor,malware
2026-03-01 08:44:00,bravo239.victor3149.relay1036.test,6,alert,malware
2026-03-01 08:45:00,2001:db88e:e34c:275d:467f:bbe0:cbcb:a0f7,18,monitor,ransomware
2026-03-01 08:46:00,report6943.audit7402.invalid,73,monitor,ransomware
2026-03-01 08:47:00,2001:db8a3:b025:a4a9:c6d9:8a76:5c10:d58,20,quarantine,botnet
2026-03-01 08:48:00,mike531.papa4411.foxtrot9341.watch736.localhost,73,alert,phishing
2026-03-01 08:49:00,hunter9227.victor7529.edge2295.example,1,block,phishing
2026-03-01 08:50:00,signal3803.feed6060.block9227.invalid,5,alert,adware
2026-03-01 08:51:00,2001:db80d:b342:bc30:3ad2:8ea0:73cb:dbb4,62,block,phishing
2026-03-01 08:52:00,uniform6166.feed7532.charlie539.test,60,monitor,adware
2026-03-01 08:53:00,hunter4467.victor4430.romeo1611.quebec9572.localhost,64,block,malware
2026-03-01 08:54:00,2001:db895:2219:c6fc:8ae9:b86e:373d:9c4,86,quarantine,spyware
2026-03-01 08:55:00,oscar4755.kilo6126.victor6774.november9060.test,44,alert,spyware
2026-03-01 08:56:00,tracker6048.quebec1252.alpha2436.test,61,alert,botnet
2026-03-01 08:57:00,192.0.2.37,72,alert,adware
2026-03-01 08:58:00,hunter7626.block3797.oscar2355.beacon4228.example,86,alert,botnet
2026-03-01 08:59:00,2001:db899:998a:c0bf:5e25:f271:7b60:7360,20,alert,spyware
2026-03-01 09:00:00,allow1147.mike854.test,77,monitor,phishing
2026-03-01 09:01:00,2001:db8a4:1e5a:8dfd:40f7:43f0:7fd5:4ae0,3,quarantine,ransomware
2026-03-01 09:02:00,cyber5930.foxtrot5767.audit8285.echo5936.localhost,35,alert,botnet
2026-03-01 09:03:00,2001:db852:c120:14ce:db65:8ee7:874a:4298,39,quarantine,adware
2026-03-01 09:04:00,proxy159.allow5811.victor3695.localhost,52,block,botnet
2026-03-01 09:05:00,2001:db897:65b5:6645:86a7:6741:b741:d1cb,39,alert,malware
2026-03-01 09:06:00,192.0.2.151,19,monitor,spyware
2026-03-01 09:07:00,2001:db8be:52f9:663e:46dc:8000:1ab7:f60f,29,monitor,ransomware
2026-03-01 09:08:00,2001:db8f6:9fcc:a568:5135:1599:3e89:81b2,20,block,adware
2026-03-01 09:09:00,2001:db869:76a7:202f:8759:bd26:77d1:15ea,70,alert,ransomware
2026-03-01 09:10:00,intel1756.proxy1806.test,96,quarantine,ransomware
2026-03-01 09:11:00,tracker2445.feed8705.example,73,alert,c2
2026-03-01 09:12:00,quebec1693.charlie1195.echo9361.core4106.localhost,11,monitor,phishing
2026-03-01 09:13:00,yankee5068.probe5946.relay2000.report3873.localhost,80,quarantine,adware
2026-03-01 09:14:00,beacon6608.quebec9194.report3320.invalid,9,alert,malware
2026-03-01 09:15:00,2001:db80a:dbcb:cf10:d5db:943b:3af8:cf60,56,quarantine,spyware
2026-03-01 09:16:00,2001:db85a:1e4a:2dcd:76e5:1318:59a2:d5f5,56,monitor,ransomware
2026-03-01 09:17:00,block2532.papa916.report4383.invalid,61,block,c2
2026-03-01 09:18:00,2001:db8c3:92fd:d157:5c26:4556:d739:bfb9,48,block,c2
2026-03-01 09:19:00,audit2884.hunter692.core7961.bravo907.invalid,31,quarantine,ransomware
2026-03-01 09:20:00,uniform3732.golf3885.localhost,51,monitor,ransomware
2026-03-01 09:21:00,zulu6133.tango5972.threat2985.example,56,monitor,c2
2026-03-01 09:22:00,2001:db860:99d8:e2df:a448:89f1:d563:2db7,32,monitor,c2
2026-03-01 09:23:00,sentinel6853.edge7501.lima7192.whiskey7679.example,21,alert,botnet
2026-03-01 09:24:00,intel7166.foxtrot7826.tango2435.test,49,block,malware
2026-03-01 09:25:00,192.0.2.248,11,block,spyware
2026-03-01 09:26:00,203.0.113.25,95,block,phishing
2026-03-01 09:27:00,2001:db888:ed68:103f:a916:2913:4acc:1cb1,70,quarantine,ransomware
2026-03-01 09:28:00,2001:db87f:4821:3191:19e8:9496:c4af:d615,12,monitor,malware
2026-03-01 09:29:00,sierra2632.quebec9851.papa6650.test,1,quarantine,phishing
2026-03-01 09:30:00,oscar4872.allow5589.invalid,5,monitor,c2
2026-03-01 09:31:00,2001:db894:89a3:d368:6041:230d:5d64:45f3,47,alert,adware
2026-03-01 09:32:00,india8180.romeo5908.localhost,74,block,malware
2026-03-01 09:33:00,lima9660.scan1373.juliet128.guard9717.example,22,alert,c2
2026-03-01 09:34:00,uniform2773.guard6001.detect233.tracker6606.localhost,13,block,botnet
2026-03-01 09:35:00,2001:db846:ca5f:1c0c:3ef:68aa:9a53:6c26,11,block,botnet
2026-03-01 09:36:00,core7139.oscar2789.foxtrot3132.core6044.invalid,1,monitor,spyware
2026-03-01 09:37:00,2001:db8d1:dc7:ec59:6b57:e07d:9529:2368,22,quarantine,spyware
2026-03-01 09:38:00,node2191.hunter34.localhost,63,block,c2
2026-03-01 09:39:00,2001:db875:1c7:ba3:98c3:ed0e:d927:c230,76,alert,botnet
2026-03-01 09:40:00,papa4967.sierra9445.feed3300.romeo7884.invalid,68,block,spyware
2026-03-01 09:41:00,scan581.intel8000.delta5829.alpha7543.example,79,alert,phishing
2026-03-01 09:42:00,tracker1575.xray8400.mike8022.localhost,9,quarantine,botnet
2026-03-01 09:43:00,203.0.113.128,34,monitor,adware
2026-03-01 09:44:00,2001:db8dd:748d:846d:d0b5:c6ac:e6f9:cf13,100,block,ransomware
2026-03-01 09:45:00,kilo1718.intel692.allow3595.invalid,78,monitor,adware
2026-03-01 09:46:00,sierra4739.kilo579.node9792.example,37,block,ransomware
2026-03-01 09:47:00,delta8093.allow767.example,44,monitor,adware
2026-03-01 09:48:00,tango7275.delta9801.alpha798.signal6184.test,61,quarantine,c2
2026-03-01 09:49:00,2001:db837:f5bc:ecfa:e405:b7ac:9c66:f954,66,alert,c2
2026-03-01 09:50:00,hotel5461.victor6489.invalid,84,quarantine,ransomware
2026-03-01 09:51:00,192.0.2.80/28,31,alert,adware
2026-03-01 09:52:00,tracker4995.kilo7525.watch9563.invalid,42,monitor,phishing
2026-03-01 09:53:00,edge1357.whiskey9151.papa3374.invalid,60,monitor,adware
2026-03-01 09:54:00,block4752.sierra1639.guard8077.example,20,block,malware
2026-03-01 09:55:00,probe131.papa2243.guard6164.oscar3206.example,8,block,phishing
2026-03-01 09:56:00,relay3674.hunter2541.allow8639.invalid,14,quarantine,phishing
2026-03-01 09:57:00,2001:db85b:eb1f:a9d6:1365:2ccf:2580:1bc9,20,block,c2
2026-03-01 09:58:00,198.51.100.138,99,alert,adware
2026-03-01 09:59:00,mike3242.sierra2854.test,41,monitor,adware
2026-03-01 10:00:00,192.0.2.16,62,quarantine,ransomware
2026-03-01 10:01:00,198.51.100.164/30,16,alert,adware
2026-03-01 10:02:00,2001:db8df:6809:4f8d:a74b:c80d:21d9:9ece,27,quarantine,adware
2026-03-01 10:03:00,node9657.lima7204.relay1759.test,5,alert,phishing
2026-03-01 10:04:00,hunter4714.cyber2939.localhost,51,monitor,c2
2026-03-01 10:05:00,scan5546.guard7108.test,9,block,malware
2026-03-01 10:06:00,juliet474.foxtrot7541.edge7862.localhost,33,quarantine,phishing
2026-03-01 10:07:00,juliet3145.bravo4024.example,64,quarantine,adware
2026-03-01 10:08:00,bravo5992.intel5669.localhost,51,alert,ransomware
2026-03-01 10:09:00,2001:db8c7:dd40:ca89:ef2:6507:e62e:dbee,18,alert,adware
2026-03-01 10:10:00,yankee6120.india7500.test,91,quarantine,adware
2026-03-01 10:11:00,2001:db83c:9108:d13a:83ff:60c7:2cc:3a4,41,monitor,malware
2026-03-01 10:12:00,2001:db88b:40fd:899b:3c71:f07:ab86:dbd0,22,alert,ransomware
2026-03-01 10:13:00,sierra9400.tracker2410.watch7244.example,12,quarantine,c2
2026-03-01 10:14:00,cyber75.audit3861.mike1926.invalid,19,block,phishing
2026-03-01 10:15:00,alpha6439.quebec4930.foxtrot3858.example,31,quarantine,c2
2026-03-01 10:16:00,lima7518.threat6114.test,26,monitor,ransomware
2026-03-01 10:17:00,2001:db888:52f1:afef:74d8:a080:a23d:952c,5,block,adware
2026-03-01 10:18:00,2001:db8e8:3b83:692a:fa47:2e8f:e416:1c7c,47,alert,spyware
2026-03-01 10:19:00,block2296.proxy8642.example,79,alert,c2
2026-03-01 10:20:00,watch5654.delta4332.invalid,1,block,ransomware
2026-03-01 10:21:00,tango1381.charlie8806.example,99,monitor,phishing
2026-03-01 10:22:00,2001:db8d6:b13b:4f6c:8d21:6080:39c6:107e,19,alert,adware
2026-03-01 10:23:00,2001:db83a:e01c:895f:2f97:bec8:af79:5da1,85,alert,botnet
2026-03-01 10:24:00,tracker7358.juliet5329.foxtrot6712.localhost,51,monitor,ransomware
2026-03-01 10:25:00,2001:db8b2:a596:2ddf:399d:d3c1:d8da:bb04,99,block,ransomware
2026-03-01 10:26:00,xray603.romeo8075.edge9930.test,93,alert,botnet
2026-03-01 10:27:00,proxy8964.cyber6544.invalid,97,quarantine,malware
2026-03-01 10:28:00,scan1765.uniform5287.audit3106.test,37,alert,malware
2026-03-01 10:29:00,cyber7967.romeo1286.november2247.test,53,block,ransomware
2026-03-01 10:30:00,xray3162.feed154.oscar325.example,54,quarantine,botnet
2026-03-01 10:31:00,cyber6784.charlie5469.whiskey9182.probe3479.invalid,74,monitor,c2
2026-03-01 10:32:00,sentinel8088.detect7104.golf818.hunter4079.invalid,76,monitor,ransomware
2026-03-01 10:33:00,probe1053.feed2741.charlie8379.example,34,alert,adware
2026-03-01 10:34:00,feed4474.papa5270.victor3451.intel9823.example,5,monitor,adware
2026-03-01 10:35:00,lima9164.sentinel1265.node7675.localhost,75,alert,ransomware
2026-03-01 10:36:00,oscar7969.quebec5576.whiskey765.signal9127.example,34,block,botnet
2026-03-01 10:37:00,sentinel2665.report7142.yankee4670.tracker7168.example,30,block,phishing
2026-03-01 10:38:00,2001:db823:2564:1730:d8ee:b066:20a5:1ed9,58,monitor,ransomware
2026-03-01 10:39:00,victor6543.mike6500.charlie176.example,1,quarantine,malware
2026-03-01 10:40:00,feed2762.relay8578.oscar2865.echo6014.test,10,alert,botnet
2026-03-01 10:41:00,2001:db8a8:84d:8584:d5cc:9723:4e08:6473,70,quarantine,malware
2026-03-01 10:42:00,2001:db893:6270:7e37:8ed9:98d4:7321:9860,65,alert,spyware
2026-03-01 10:43:00,2001:db884:ade8:eaee:ebe3:e00:f6c4:3b87,77,block,ransomware
2026-03-01 10:44:00,probe5094.core106.allow3289.invalid,75,monitor,botnet
2026-03-01 10:45:00,uniform7228.tracker1928.romeo2447.kilo4484.invalid,85,alert,spyware
2026-03-01 10:46:00,detect8605.guard8327.threat4674.uniform6293.example,15,monitor,ransomware
2026-03-01 10:47:00,198.51.100.108,72,alert,phishing
2026-03-01 10:48:00,2001:db8ab:29c8:bff4:72f6:e6e:a32a:32bb,70,monitor,malware
2026-03-01 10:49:00,november887.november376.mirror6930.example,88,quarantine,malware
2026-03-01 10:50:00,2001:db896:c4f2:d65b:7f19:8c14:cbb5:af8b,43,monitor,ransomware
2026-03-01 10:51:00,cyber5427.charlie2627.tracker3261.localhost,3,block,phishing
2026-03-01 10:52:00,november2793.mirror1466.invalid,96,alert,phishing
2026-03-01 10:53:00,198.51.100.44/24,85,alert,adware
2026-03-01 10:54:00,tango9885.victor4769.xray133.test,33,quarantine,phishing
2026-03-01 10:55:00,allow6260.india7067.november9832.november4637.test,55,monitor,adware
2026-03-01 10:56:00,romeo2026.yankee6566.test,21,alert,malware
2026-03-01 10:57:00,2001:db80e:2fd5:5657:4ef2:57a7:acdc:1517,98,alert,c2
2026-03-01 10:58:00,2001:db886:2ea3:4a68:f17e:dee9:2d20:20cf,70,block,malware
2026-03-01 10:59:00,juliet209.tracker7776.threat5474.invalid,20,block,spyware
2026-03-01 11:00:00,hotel7384.watch3483.lima3293.delta2994.test,1,monitor,malware
2026-03-01 11:01:00,2001:db863:e6e9:1b72:b7d3:4e8:f81e:45e7,100,alert,phishing
2026-03-01 11:02:00,2001:db8a4:c442:263:1350:6619:bf07:735,15,quarantine,c2
2026-03-01 11:03:00,feed1432.scan6463.mike8036.uniform9883.invalid,16,quarantine,botnet
2026-03-01 11:04:00,charlie5559.delta5534.invalid,16,quarantine,adware
2026-03-01 11:05:00,delta1785.cyber2921.test,79,alert,spyware
2026-03-01 11:06:00,2001:db8b1:4ece:36fc:406c:f9c6:7721:a22b,11,alert,spyware
2026-03-01 11:07:00,2001:db8dc:ca98:aa18:c280:a8b9:e164:ab62,12,alert,phishing
2026-03-01 11:08:00,oscar6361.intel1532.example,50,monitor,botnet
2026-03-01 11:09:00,hotel2961.sentinel2949.alpha9089.feed5150.invalid,33,block,botnet
2026-03-01 11:10:00,whiskey5048.feed9192.foxtrot3534.localhost,99,block,malware
2026-03-01 11:11:00,detect4170.hotel3160.invalid,21,monitor,c2
2026-03-01 11:12:00,sierra2435.uniform4050.delta4589.india8328.localhost,21,monitor,ransomware
2026-03-01 11:13:00,192.0.2.138,97,alert,malware
2026-03-01 11:14:00,hunter4946.scan4914.localhost,44,quarantine,spyware
2026-03-01 11:15:00,edge6485.alpha6139.oscar8316.sierra4385.example,97,quarantine,malware
2026-03-01 11:16:00,edge479.kilo5350.yankee4594.test,66,quarantine,phishing
2026-03-01 11:17:00,bravo2341.juliet9661.cyber798.example,22,monitor,botnet
2026-03-01 11:18:00,intel5582.foxtrot5130.mike7026.signal6844.test,82,quarantine,spyware
2026-03-01 11:19:00,probe2886.foxtrot2323.echo4488.localhost,76,block,adware
2026-03-01 11:20:00,victor2468.charlie5267.node9263.sentinel6661.invalid,30,quarantine,botnet
2026-03-01 11:21:00,2001:db8f1:934b:708:afc1:38f9:9c38:e66e,99,quarantine,ransomware
2026-03-01 11:22:00,watch5607.report3870.lima1277.localhost,42,alert,phishing
2026-03-01 11:23:00,tango5447.juliet1371.golf9190.kilo3403.localhost,6,block,ransomware
2026-03-01 11:24:00,core2879.quebec6234.intel5012.intel4641.localhost,25,block,botnet
2026-03-01 11:25:00,block535.proxy2570.audit6052.invalid,46,block,adware
2026-03-01 11:26:00,2001:db8a6:b889:1aab:6f81:39d1:78d0:de4a,48,alert,ransomware
2026-03-01 11:27:00,threat9785.quebec1197.golf9126.delta854.example,96,block,c2
2026-03-01 11:28:00,sierra6396.cyber5903.localhost,60,block,phishing
2026-03-01 11:29:00,2001:db847:dafb:a7e6:2c68:cd3a:30d6:5e9b,13,block,botnet
2026-03-01 11:30:00,203.0.113.52,18,quarantine,ransomware
2026-03-01 11:31:00,2001:db82d:e9c0:deb5:9e8b:b1c0:f69b:744a,71,alert,malware
2026-03-01 11:32:00,november8558.alpha6155.example,80,block,spyware
2026-03-01 11:33:00,tango1403.tango9285.probe7556.test,82,alert,phishing
2026-03-01 11:34:00,threat8395.proxy384.tango4491.localhost,40,quarantine,c2
2026-03-01 11:35:00,tango4074.detect7008.sierra9315.delta9028.invalid,5,block,malware
2026-03-01 11:36:00,charlie2280.juliet5411.watch9880.sentinel9403.localhost,39,monitor,adware
2026-03-01 11:37:00,192.0.2.14,34,quarantine,phishing
2026-03-01 11:38:00,watch349.sierra293.invalid,36,alert,spyware
2026-03-01 11:39:00,sierra345.tango2670.lima6459.relay9959.test,53,block,botnet
2026-03-01 11:40:00,2001:db88d:35c:99c5:719b:6dfd:a13b:b1c,47,block,ransomware
2026-03-01 11:41:00,bravo7365.guard3976.mike4831.localhost,40,alert,ransomware
2026-03-01 11:42:00,threat6618.core1149.report3701.invalid,3,block,c2
2026-03-01 11:43:00,scan8723.node2043.zulu228.test,42,monitor,adware
2026-03-01 11:44:00,hunter6638.yankee2701.delta6087.localhost,12,monitor,botnet
2026-03-01 11:45:00,signal4980.core6927.invalid,78,block,c2
2026-03-01 11:46:00,feed898.tango7076.invalid,15,block,c2
2026-03-01 11:47:00,hotel8109.charlie7234.whiskey9190.localhost,99,alert,c2
2026-03-01 11:48:00,2001:db810:ed2:58f4:62b1:66c5:1d81:7fbd,16,monitor,botnet
2026-03-01 11:49:00,hotel8171.oscar844.example,28,block,phishing
2026-03-01 11:50:00,india9423.november2642.invalid,7,alert,c2
2026-03-01 11:51:00,kilo3336.whiskey4719.example,98,block,spyware
2026-03-01 11:52:00,allow1777.juliet8858.signal7066.november1741.localhost,92,alert,botnet
2026-03-01 11:53:00,2001:db818:f261:81b2:12bf:61d8:927d:b6c5,85,alert,malware
2026-03-01 11:54:00,sentinel2259.mirror8899.quebec140.signal4907.example,52,block,c2
2026-03-01 11:55:00,hunter3634.tango3176.test,54,block,adware
2026-03-01 11:56:00,hunter492.charlie5539.cyber4275.test,43,alert,adware
2026-03-01 11:57:00,sierra9717.hotel872.localhost,7,monitor,malware
2026-03-01 11:58:00,golf2737.probe1935.november5926.kilo4787.localhost,13,block,malware
2026-03-01 11:59:00,node2220.whiskey2676.delta4468.example,62,block,ransomware
2026-03-01 12:00:00,198.51.100.169,47,quarantine,botnet
2026-03-01 12:01:00,intel5682.node4874.zulu2870.cyber4082.test,14,alert,phishing
2026-03-01 12:02:00,zulu6648.guard195.block8400.test,76,monitor,malware
2026-03-01 12:03:00,2001:db8bf:6fb9:eef3:9ab2:cb57:3462:3c3,43,monitor,phishing
2026-03-01 12:04:00,november8292.charlie7573.bravo1200.localhost,84,block,adware
2026-03-01 12:05:00,sentinel5315.probe6367.test,3,quarantine,phishing
2026-03-01 12:06:00,2001:db8bf:c343:3a0c:c591:835f:90ce:ca6,94,monitor,phishing
2026-03-01 12:07:00,2001:db80b:e3c9:b9f0:e68c:d3f6:55aa:5e26,95,monitor,ransomware
2026-03-01 12:08:00,zulu3019.alpha5945.invalid,1,alert,botnet
2026-03-01 12:09:00,core1987.detect843.sentinel7739.tracker8593.localhost,94,monitor,ransomware
2026-03-01 12:10:00,watch5175.audit1041.romeo6835.localhost,71,monitor,malware
2026-03-01 12:11:00,2001:db855:2775:fe07:e90f:b862:1c62:ffcc,56,monitor,botnet
2026-03-01 12:12:00,sentinel2827.hunter6151.signal1469.signal7597.localhost,86,quarantine,phishing
2026-03-01 12:13:00,probe7293.xray191.hotel1911.invalid,68,alert,c2
2026-03-01 12:14:00,mike1410.guard398.probe1577.november545.test,18,quarantine,botnet
2026-03-01 12:15:00,yankee7275.charlie3678.november6215.test,53,alert,c2
2026-03-01 12:16:00,kilo8254.allow5558.intel2162.invalid,32,block,adware
2026-03-01 12:17:00,feed9711.guard5341.cyber3257.proxy5337.test,54,alert,adware
2026-03-01 12:18:00,tracker4022.juliet8678.cyber3739.india7026.localhost,78,quarantine,malware
2026-03-01 12:19:00,edge8409.detect1935.test,15,quarantine,botnet
2026-03-01 12:20:00,2001:db87a:614a:3c10:f535:7c35:68b5:cb13,25,alert,adware
2026-03-01 12:21:00,xray5477.tango1828.golf224.test,17,monitor,spyware
2026-03-01 12:22:00,victor9631.mike1770.golf202.sentinel1107.test,83,block,adware
2026-03-01 12:23:00,juliet7588.foxtrot1529.test,32,monitor,adware
2026-03-01 12:24:00,2001:db886:70d5:75b9:a1a7:d329:b4c9:4fa,6,monitor,phishing
2026-03-01 12:25:00,victor899.scan5964.delta1819.yankee5990.localhost,96,block,adware
2026-03-01 12:26:00,proxy6389.proxy3866.threat3572.juliet1751.test,10,quarantine,phishing
2026-03-01 12:27:00,mirror1793.watch8038.tracker9074.localhost,28,alert,malware
2026-03-01 12:28:00,192.0.2.144/26,74,block,adware
2026-03-01 12:29:00,cyber8275.juliet9438.allow3246.test,27,block,spyware
2026-03-01 12:30:00,node6392.golf5887.allow1391.localhost,90,block,ransomware
2026-03-01 12:31:00,192.0.2.104/26,14,alert,phishing
2026-03-01 12:32:00,2001:db89a:8780:6bef:d54a:f81:fefe:944f,58,monitor,phishing
2026-03-01 12:33:00,echo8719.golf4514.test,93,block,spyware
2026-03-01 12:34:00,allow1566.detect5717.node9375.sierra9037.example,48,alert,ransomware
2026-03-01 12:35:00,mirror2526.hotel4892.allow7084.proxy5081.test,49,alert,ransomware
2026-03-01 12:36:00,2001:db8cf:5951:51fd:a977:da4d:ec92:76b5,85,monitor,spyware
2026-03-01 12:37:00,xray6686.watch8956.invalid,82,monitor,phishing
2026-03-01 12:38:00,foxtrot4530.beacon9035.uniform1050.feed2946.example,50,alert,phishing
2026-03-01 12:39:00,uniform9414.india7224.example,86,monitor,ransomware
2026-03-01 12:40:00,sierra2057.india191.invalid,63,alert,ransomware
2026-03-01 12:41:00,scan3600.guard5557.localhost,7,alert,malware
2026-03-01 12:42:00,detect543.victor1383.test,56,quarantine,phishing
2026-03-01 12:43:00,2001:db86e:87af:3d65:2e4b:50b2:9bc2:14a6,8,block,adware
2026-03-01 12:44:00,victor3910.report1861.localhost,59,alert,phishing
2026-03-01 12:45:00,2001:db813:bb30:49dd:65ea:cd82:149c:1732,53,block,c2
2026-03-01 12:46:00,hotel5759.block7557.kilo4625.example,19,alert,c2
2026-03-01 12:47:00,2001:db8be:5165:8c4c:2fca:b88a:8033:2a33,23,quarantine,spyware
2026-03-01 12:48:00,198.51.100.223,2,quarantine,spyware
2026-03-01 12:49:00,2001:db804:5f33:345d:9071:89d3:4005:e078,98,block,botnet
2026-03-01 12:50:00,hotel1402.delta547.yankee5133.node1066.test,59,alert,c2
2026-03-01 12:51:00,charlie886.hunter5967.sierra3434.threat4119.example,83,monitor,ransomware
2026-03-01 12:52:00,198.51.100.224,26,alert,spyware
2026-03-01 12:53:00,quebec3016.delta1515.threat5604.mirror4865.test,62,quarantine,c2
2026-03-01 12:54:00,papa8221.romeo6732.report9443.xray549.invalid,21,quarantine,phishing
2026-03-01 12:55:00,2001:db8c5:22b5:b372:8368:3750:a7:18a6,57,monitor,malware
2026-03-01 12:56:00,mike5007.uniform9435.foxtrot1816.test,100,monitor,adware
2026-03-01 12:57:00,node7214.hunter7435.invalid,63,quarantine,phishing
2026-03-01 12:58:00,2001:db809:8fac:47ae:6492:86c6:2726:269a,71,monitor,malware
2026-03-01 12:59:00,foxtrot9000.quebec2190.cyber4832.example,35,alert,botnet
2026-03-01 13:00:00,yankee6949.november8426.oscar6678.invalid,33,block,c2
2026-03-01 13:01:00,2001:db847:957e:bf6e:366f:1770:540c:fc1e,85,alert,adware
2026-03-01 13:02:00,watch5085.guard3326.scan7520.romeo3305.invalid,52,block,malware
2026-03-01 13:03:00,2001:db876:fcfb:4c5c:2e1f:266c:33dc:8304,73,block,phishing
2026-03-01 13:04:00,relay6609.mirror8809.tango5343.invalid,37,alert,spyware
2026-03-01 13:05:00,detect1991.kilo3234.localhost,32,monitor,adware
2026-03-01 13:06:00,alpha1545.lima8246.node7812.proxy5003.test,64,block,phishing
2026-03-01 13:07:00,relay4688.oscar3297.proxy2656.localhost,3,alert,spyware
2026-03-01 13:08:00,node716.papa2588.romeo8811.example,89,quarantine,botnet
2026-03-01 13:09:00,feed8030.node4105.relay1971.audit7134.example,44,block,ransomware
2026-03-01 13:10:00,hunter3863.uniform7560.edge7914.invalid,25,monitor,malware
2026-03-01 13:11:00,block5522.sentinel7037.victor6075.example,94,alert,adware
2026-03-01 13:12:00,sentinel7271.proxy5386.india4557.uniform649.localhost,98,quarantine,c2
2026-03-01 13:13:00,2001:db806:1ef3:f766:f9c8:80d:362:d29a,90,alert,botnet
2026-03-01 13:14:00,198.51.100.97,26,quarantine,adware
2026-03-01 13:15:00,intel6784.cyber5763.whiskey8888.threat8572.example,78,alert,malware
2026-03-01 13:16:00,relay700.beacon935.proxy4012.invalid,49,quarantine,botnet
2026-03-01 13:17:00,zulu5182.alpha6377.test,26,monitor,c2
2026-03-01 13:18:00,2001:db882:e9e1:1d8f:ecbc:9dc8:b25:cab9,6,alert,c2
2026-03-01 13:19:00,charlie8742.papa4782.invalid,61,monitor,botnet
2026-03-01 13:20:00,mirror6133.sentinel483.lima5262.invalid,43,quarantine,phishing
2026-03-01 13:21:00,juliet7939.lima8139.sierra2160.test,56,block,adware
2026-03-01 13:22:00,feed9150.bravo6140.india9462.test,10,block,botnet
2026-03-01 13:23:00,intel9309.node1411.watch7586.invalid,18,monitor,ransomware
2026-03-01 13:24:00,papa3645.sentinel6251.detect5270.lima7248.invalid,6,monitor,ransomware
2026-03-01 13:25:00,golf9059.lima526.localhost,53,block,malware
2026-03-01 13:26:00,mike5416.victor7850.localhost,88,quarantine,adware
2026-03-01 13:27:00,2001:db8f3:cdae:13db:caa5:a9b9:79a3:193c,18,monitor,adware
2026-03-01 13:28:00,hotel7135.sierra4442.detect5282.example,28,monitor,c2
2026-03-01 13:29:00,oscar3718.core3439.block3830.localhost,13,block,c2
2026-03-01 13:30:00,yankee3079.allow1713.victor3419.example,2,quarantine,malware
2026-03-01 13:31:00,192.0.2.116/28,36,quarantine,phishing
2026-03-01 13:32:00,2001:db861:9759:84d3:d64e:cf27:c6cb:1215,12,alert,phishing
2026-03-01 13:33:00,edge8691.threat2324.quebec1915.example,79,block,malware
2026-03-01 13:34:00,2001:db846:4d88:d36f:6864:d21c:f176:1fe3,33,monitor,malware
2026-03-01 13:35:00,watch5435.whiskey1085.test,61,alert,botnet
2026-03-01 13:36:00,2001:db868:5266:92bf:8049:4af8:1fc2:971c,22,block,spyware
2026-03-01 13:37:00,2001:db804:92d2:f03a:442:fbde:f442:9966,63,monitor,spyware
2026-03-01 13:38:00,2001:db83a:8a3a:463a:d670:35b7:3c47:90be,53,alert,malware
2026-03-01 13:39:00,2001:db812:3cc7:fea7:919:348d:ce8f:d31e,12,monitor,botnet
2026-03-01 13:40:00,proxy3645.core1219.example,36,block,ransomware
2026-03-01 13:41:00,foxtrot5711.edge9036.example,90,alert,c2
2026-03-01 13:42:00,2001:db89f:7245:1783:cd46:234a:ee20:908a,97,quarantine,botnet
2026-03-01 13:43:00,edge6293.core8384.beacon2620.yankee9017.localhost,90,monitor,malware
2026-03-01 13:44:00,intel756.golf8530.signal5120.invalid,95,block,adware
2026-03-01 13:45:00,november3000.proxy8009.alpha2005.example,74,block,adware
2026-03-01 13:46:00,mirror747.guard2842.example,36,monitor,phishing
2026-03-01 13:47:00,romeo8315.november6702.delta9213.example,21,monitor,adware
2026-03-01 13:48:00,watch4268.delta7753.guard2771.watch846.example,6,monitor,phishing
2026-03-01 13:49:00,romeo6410.yankee1759.intel6831.threat2428.invalid,27,monitor,phishing
2026-03-01 13:50:00,2001:db89f:d078:f80b:bf71:1cc7:5164:2198,38,quarantine,malware
2026-03-01 13:51:00,2001:db852:52d6:3357:6dcd:cd16:ad47:1aa6,85,quarantine,phishing
2026-03-01 13:52:00,proxy9637.zulu3184.example,80,monitor,malware
2026-03-01 13:53:00,sentinel7968.november7803.hotel4561.localhost,16,monitor,c2
2026-03-01 13:54:00,bravo854.hunter3011.probe7265.hunter2230.invalid,81,alert,spyware
2026-03-01 13:55:00,threat5528.proxy6587.example,88,quarantine,phishing
2026-03-01 13:56:00,2001:db884:15d9:d8c4:281f:deeb:6761:4bb6,89,block,spyware
2026-03-01 13:57:00,kilo7191.probe5197.localhost,21,quarantine,ransomware
2026-03-01 13:58:00,2001:db8a6:695c:8e83:2008:3418:5fb9:bb49,1,monitor,c2
2026-03-01 13:59:00,guard3818.echo605.proxy2320.allow313.localhost,5,monitor,adware
2026-03-01 14:00:00,audit8613.report9030.invalid,54,block,malware
2026-03-01 14:01:00,block7658.sentinel5426.guard9275.victor4910.localhost,98,monitor,phishing
2026-03-01 14:02:00,juliet8781.november1157.probe4414.probe3157.example,10,monitor,ransomware
2026-03-01 14:03:00,detect5761.oscar9568.charlie7623.example,14,quarantine,phishing
2026-03-01 14:04:00,november2670.yankee6593.example,90,monitor,c2
2026-03-01 14:05:00,192.0.2.34,92,alert,ransomware
2026-03-01 14:06:00,xray5210.sentinel7038.probe4007.charlie9623.test,21,monitor,ransomware
2026-03-01 14:07:00,2001:db888:7f00:37f:8585:c463:7896:e4ba,55,monitor,botnet
2026-03-01 14:08:00,juliet3962.threat8825.mike1411.tango7593.test,57,alert,c2
2026-03-01 14:09:00,tracker7657.romeo8729.localhost,34,monitor,adware
2026-03-01 14:10:00,2001:db8fd:c50e:4c1c:1bf0:5f6:5058:f046,99,block,phishing
2026-03-01 14:11:00,hunter5693.probe9915.example,52,alert,ransomware
2026-03-01 14:12:00,signal5981.relay2070.detect9857.test,99,quarantine,malware
2026-03-01 14:13:00,block2039.whiskey7602.localhost,75,block,spyware
2026-03-01 14:14:00,2001:db847:6070:4cc3:7b08:1d11:cee5:a3a0,89,monitor,malware
2026-03-01 14:15:00,sierra1023.xray8993.invalid,30,block,botnet
2026-03-01 14:16:00,proxy175.mike7244.example,62,quarantine,adware
2026-03-01 14:17:00,guard9767.intel5331.invalid,75,monitor,malware
2026-03-01 14:18:00,whiskey9162.oscar5652.invalid,67,monitor,botnet
2026-03-01 14:19:00,2001:db88a:368d:2edb:2a8:9dd5:e3b4:b847,30,monitor,phishing
2026-03-01 14:20:00,2001:db8b5:f4ed:c0ef:a0a4:58ab:eb59:af45,7,block,phishing
2026-03-01 14:21:00,hotel9386.xray2088.uniform6230.watch28.example,69,block,c2
2026-03-01 14:22:00,report7290.india9455.allow5128.detect5770.test,68,block,c2
2026-03-01 14:23:00,golf1943.echo5903.invalid,34,alert,botnet
2026-03-01 14:24:00,zulu1571.beacon6736.oscar9824.invalid,18,monitor,malware
2026-03-01 14:25:00,papa4057.papa5114.guard1392.node1074.example,55,quarantine,spyware
2026-03-01 14:26:00,november9702.node146.scan7462.scan8603.example,27,monitor,spyware
2026-03-01 14:27:00,romeo9135.november802.lima2430.delta5719.invalid,29,block,botnet
2026-03-01 14:28:00,198.51.100.74,19,quarantine,malware
2026-03-01 14:29:00,bravo8650.uniform6259.quebec1492.invalid,55,block,adware
2026-03-01 14:30:00,sentinel2476.lima7023.example,98,alert,ransomware
2026-03-01 14:31:00,2001:db82b:1f93:71cf:42ed:6571:cd19:be96,22,alert,spyware
2026-03-01 14:32:00,2001:db834:43ac:f495:2443:7538:c421:2dbc,44,block,malware
2026-03-01 14:33:00,2001:db872:9bf4:69e8:e994:ae84:ba08:1bc9,98,block,spyware
2026-03-01 14:34:00,2001:db839:e9bf:8b2d:c57c:f4dc:d7ee:5564,4,block,spyware
2026-03-01 14:35:00,zulu9796.whiskey8904.block4841.golf3587.invalid,93,block,malware
2026-03-01 14:36:00,lima5210.tracker7900.echo5491.invalid,42,monitor,spyware
2026-03-01 14:37:00,2001:db86b:46bf:d353:990b:a0b8:6f47:66da,96,block,malware
2026-03-01 14:38:00,2001:db8ff:1bf0:7a8a:fd61:c592:39b9:7b6f,89,monitor,ransomware
2026-03-01 14:39:00,node2948.uniform8973.alpha139.echo196.localhost,13,quarantine,spyware
2026-03-01 14:40:00,2001:db822:90f6:a52b:d1d1:a4e0:388e:3148,69,alert,malware
2026-03-01 14:41:00,hunter2225.block2546.localhost,81,block,adware
2026-03-01 14:42:00,golf51.intel6584.core2276.invalid,20,alert,c2
2026-03-01 14:43:00,guard230.detect3556.test,49,block,spyware
2026-03-01 14:44:00,whiskey835.threat8119.yankee2794.xray1856.example,65,alert,spyware
2026-03-01 14:45:00,2001:db887:a397:55f5:2d6d:abe7:e4ac:5d5,38,alert,phishing
2026-03-01 14:46:00,2001:db8eb:b555:24e7:cb4c:15a8:df58:998,11,monitor,botnet
2026-03-01 14:47:00,sentinel6216.relay297.audit7900.delta6343.localhost,86,quarantine,c2
2026-03-01 14:48:00,delta298.whiskey4274.whiskey2599.lima8249.invalid,63,block,phishing
2026-03-01 14:49:00,192.0.2.181,23,alert,botnet
2026-03-01 14:50:00,signal8894.sierra5531.localhost,80,block,c2
2026-03-01 14:51:00,audit3540.guard5883.romeo2106.core6915.invalid,49,quarantine,malware
2026-03-01 14:52:00,2001:db8a3:a42e:66d6:f540:a0dc:5af3:cbe6,65,quarantine,ransomware
2026-03-01 14:53:00,192.0.2.65,4,block,botnet
2026-03-01 14:54:00,foxtrot6189.hotel4535.echo5606.invalid,7,block,adware
2026-03-01 14:55:00,echo3560.allow6739.mirror9058.hotel6042.invalid,34,monitor,ransomware
2026-03-01 14:56:00,juliet6975.cyber1343.invalid,45,alert,malware
2026-03-01 14:57:00,charlie4766.juliet9687.bravo1741.test,47,alert,botnet
2026-03-01 14:58:00,edge8785.watch2810.example,20,quarantine,ransomware
2026-03-01 14:59:00,victor9327.allow7540.intel9440.charlie1493.example,73,block,phishing
2026-03-01 15:00:00,sierra9129.core666.foxtrot5376.allow1896.localhost,53,monitor,spyware
2026-03-01 15:01:00,2001:db83c:d6ef:4c93:314e:5ad7:f3a5:13fc,35,monitor,c2
2026-03-01 15:02:00,mike3708.charlie6695.invalid,48,block,c2
2026-03-01 15:03:00,beacon1301.delta2254.example,40,monitor,spyware
2026-03-01 15:04:00,golf4281.tango9782.tango2840.localhost,74,quarantine,adware
2026-03-01 15:05:00,mirror5509.quebec9683.november449.victor7112.localhost,6,block,adware
2026-03-01 15:06:00,report1330.hunter1271.report508.localhost,61,block,ransomware
2026-03-01 15:07:00,signal5124.foxtrot1303.echo3933.invalid,27,monitor,ransomware
2026-03-01 15:08:00,2001:db87a:c789:c1b8:70f1:86a5:288e:d82f,78,quarantine,botnet
2026-03-01 15:09:00,threat8725.delta5000.charlie8873.mirror5699.invalid,46,block,spyware
2026-03-01 15:10:00,report9226.echo4926.foxtrot6477.node2015.test,80,monitor,phishing
2026-03-01 15:11:00,2001:db87f:a0e3:654:72ae:ad35:30c3:dd9e,9,block,c2
2026-03-01 15:12:00,203.0.113.8,7,block,spyware
2026-03-01 15:13:00,oscar3784.relay428.whiskey1303.node7809.test,51,alert,spyware
2026-03-01 15:14:00,victor5682.block9831.invalid,68,block,botnet
2026-03-01 15:15:00,2001:db852:a913:3a07:f689:f527:f542:6be1,68,block,c2
2026-03-01 15:16:00,xray8843.scan3593.intel3410.romeo870.test,81,alert,spyware
2026-03-01 15:17:00,node7673.golf7465.example,83,monitor,botnet
2026-03-01 15:18:00,kilo8771.sierra2987.lima2515.kilo3898.invalid,61,quarantine,phishing
2026-03-01 15:19:00,mike5469.mike5395.quebec4960.proxy4497.test,67,monitor,ransomware
2026-03-01 15:20:00,oscar770.romeo6883.report7355.uniform85.localhost,92,monitor,botnet
2026-03-01 15:21:00,delta2978.charlie9.delta5270.test,83,block,ransomware
2026-03-01 15:22:00,2001:db81c:689:3683:cf0:c301:4a68:1b2b,35,monitor,phishing
2026-03-01 15:23:00,foxtrot4826.scan8402.report1281.example,87,block,phishing
2026-03-01 15:24:00,probe938.watch499.edge7714.localhost,90,quarantine,botnet
2026-03-01 15:25:00,2001:db8df:91f3:2af1:5214:8bab:e60d:4b71,87,alert,adware
2026-03-01 15:26:00,2001:db8d4:29c5:8b51:e2df:d918:f8a8:e253,22,alert,ransomware
2026-03-01 15:27:00,node1606.feed8115.papa1362.invalid,39,monitor,malware
2026-03-01 15:28:00,scan306.hotel8714.lima311.example,32,quarantine,spyware
2026-03-01 15:29:00,cyber5452.edge6921.golf2628.node4276.invalid,92,monitor,c2
2026-03-01 15:30:00,beacon8878.watch867.test,93,quarantine,phishing
2026-03-01 15:31:00,india2000.node4497.victor8636.localhost,14,alert,spyware
2026-03-01 15:32:00,scan5139.xray1368.relay6770.localhost,33,block,ransomware
2026-03-01 15:33:00,2001:db87e:e6aa:34fe:afd7:2b2d:5859:140a,6,quarantine,c2
2026-03-01 15:34:00,charlie5878.block9120.november6695.invalid,81,quarantine,phishing
2026-03-01 15:35:00,watch941.foxtrot4684.localhost,46,alert,spyware
2026-03-01 15:36:00,november2134.foxtrot6961.invalid,38,block,phishing
2026-03-01 15:37:00,quebec8267.beacon6242.example,52,monitor,adware
2026-03-01 15:38:00,cyber4809.sentinel8692.whiskey6526.bravo1879.test,87,alert,c2
2026-03-01 15:39:00,delta6445.tango7448.allow1990.xray1684.invalid,70,monitor,c2
2026-03-01 15:40:00,oscar3773.intel3493.papa7877.proxy5432.localhost,25,block,adware
2026-03-01 15:41:00,guard4980.allow9164.proxy7594.test,11,quarantine,ransomware
2026-03-01 15:42:00,yankee1721.hotel2880.example,40,quarantine,spyware
2026-03-01 15:43:00,zulu9862.core7975.tango5911.node6472.example,36,alert,botnet
2026-03-01 15:44:00,watch2244.mike3048.yankee4743.audit8038.invalid,74,block,spyware
2026-03-01 15:45:00,proxy8725.oscar6223.relay6391.localhost,29,block,c2
2026-03-01 15:46:00,report6272.guard5046.core6744.mirror1457.invalid,31,monitor,spyware
2026-03-01 15:47:00,block1646.core6306.sierra9948.test,36,alert,adware
2026-03-01 15:48:00,victor7056.hotel3715.invalid,18,quarantine,botnet
2026-03-01 15:49:00,guard2264.sentinel4265.sierra5597.uniform1933.invalid,90,block,adware
2026-03-01 15:50:00,2001:db8a5:4e44:2694:5ab2:fcfc:ed8b:e5d6,89,alert,malware
2026-03-01 15:51:00,2001:db87c:e9da:414:bce2:66be:954b:9b9a,38,block,spyware
2026-03-01 15:52:00,intel4740.hunter2743.invalid,38,monitor,phishing
2026-03-01 15:53:00,node3019.quebec4827.localhost,28,monitor,spyware
2026-03-01 15:54:00,intel223.whiskey4934.edge5468.localhost,46,monitor,spyware
2026-03-01 15:55:00,2001:db832:16ae:cc9a:a9c7:dc64:363e:566,68,alert,botnet
2026-03-01 15:56:00,quebec5712.scan8006.probe6033.invalid,41,block,ransomware
2026-03-01 15:57:00,core9326.india3464.delta4636.uniform910.invalid,94,monitor,spyware
2026-03-01 15:58:00,2001:db889:206c:cba1:6f87:dbfa:6c77:fd4b,19,block,malware
2026-03-01 15:59:00,signal1023.yankee6367.victor985.example,13,quarantine,botnet
2026-03-01 16:00:00,sierra389.oscar5428.victor3970.november8837.invalid,60,block,botnet
2026-03-01 16:01:00,xray8623.zulu9638.localhost,7,monitor,phishing
2026-03-01 16:02:00,2001:db8df:eb91:b944:2d1f:df98:3633:7c93,76,block,adware
2026-03-01 16:03:00,core4642.quebec3164.invalid,87,monitor,ransomware
2026-03-01 16:04:00,203.0.113.119,28,monitor,ransomware
2026-03-01 16:05:00,2001:db835:18de:dd99:f742:5aba:58e8:41bb,83,alert,phishing
2026-03-01 16:06:00,block1689.node8231.test,6,quarantine,spyware
2026-03-01 16:07:00,mirror6157.foxtrot109.cyber4479.cyber2866.localhost,5,block,malware
2026-03-01 16:08:00,india4604.romeo4210.alpha1828.test,97,quarantine,spyware
2026-03-01 16:09:00,victor130.golf7075.localhost,42,quarantine,malware
2026-03-01 16:10:00,2001:db88c:aa4e:5a88:a077:1db3:269:e773,60,quarantine,spyware
2026-03-01 16:11:00,feed3797.core7110.example,71,block,malware
2026-03-01 16:12:00,proxy2258.hotel2345.localhost,24,monitor,spyware
2026-03-01 16:13:00,uniform6458.beacon9371.sentinel8785.detect631.invalid,4,block,botnet
2026-03-01 16:14:00,allow1844.core2426.hotel5728.invalid,14,alert,spyware
2026-03-01 16:15:00,2001:db847:cf0c:e786:7fec:307f:ec90:342d,54,block,botnet
2026-03-01 16:16:00,uniform5729.sentinel4002.example,17,block,phishing
2026-03-01 16:17:00,report6140.node1851.uniform8942.localhost,89,quarantine,c2
2026-03-01 16:18:00,foxtrot9519.edge6912.detect9468.test,61,quarantine,c2
2026-03-01 16:19:00,2001:db8e4:587a:b538:6def:5fd2:8cca:8f49,94,alert,spyware
2026-03-01 16:20:00,juliet8287.india7943.localhost,77,block,adware
2026-03-01 16:21:00,zulu5835.block9883.zulu7939.scan4570.test,54,block,botnet
2026-03-01 16:22:00,2001:db81c:e128:22f6:f016:e269:9b0b:8ca2,88,monitor,ransomware
2026-03-01 16:23:00,hunter4010.bravo1956.mirror4542.allow1094.example,48,alert,phishing
2026-03-01 16:24:00,alpha2844.cyber9107.localhost,8,block,c2
2026-03-01 16:25:00,2001:db886:c244:3395:a69f:b923:84f7:5fd2,78,block,spyware
2026-03-01 16:26:00,2001:db830:80d7:28fe:6bd0:5575:cb49:34bd,16,alert,malware
2026-03-01 16:27:00,signal6394.zulu9949.romeo3391.lima59.test,70,alert,phishing
2026-03-01 16:28:00,yankee4366.juliet5404.zulu9415.alpha8445.localhost,30,quarantine,botnet
2026-03-01 16:29:00,papa5919.tracker6529.yankee938.example,62,alert,spyware
2026-03-01 16:30:00,sierra7038.foxtrot3642.cyber9192.example,4,monitor,spyware
2026-03-01 16:31:00,papa8632.romeo5225.node8871.scan1711.invalid,53,monitor,phishing
2026-03-01 16:32:00,intel2728.threat4824.beacon894.test,93,monitor,phishing
2026-03-01 16:33:00,november6736.tango9812.localhost,78,monitor,malware
2026-03-01 16:34:00,2001:db82f:8e73:bcf6:e8cd:f9e0:a792:144,31,quarantine,c2
2026-03-01 16:35:00,zulu7011.hotel3808.november1735.whiskey5299.test,43,alert,ransomware
2026-03-01 16:36:00,xray6816.echo6988.sierra2345.bravo5351.example,10,block,c2
2026-03-01 16:37:00,report5619.tango7770.test,5,alert,phishing
2026-03-01 16:38:00,echo7430.romeo6996.node5299.quebec2654.invalid,67,quarantine,adware
2026-03-01 16:39:00,foxtrot4904.uniform6039.localhost,6,alert,adware
2026-03-01 16:40:00,xray3909.mike1498.invalid,3,alert,phishing
2026-03-01 16:41:00,198.51.100.9,64,quarantine,ransomware
2026-03-01 16:42:00,2001:db883:b2e1:b3c3:4b9e:78f8:34a2:4afa,56,block,botnet
2026-03-01 16:43:00,tracker8380.sentinel2688.cyber2515.uniform7105.localhost,89,block,malware
2026-03-01 16:44:00,feed4069.xray9551.relay7507.foxtrot170.localhost,96,monitor,ransomware
2026-03-01 16:45:00,2001:db827:a2ed:7119:354d:fe0b:4802:a98e,100,block,malware
2026-03-01 16:46:00,xray5716.proxy9568.invalid,25,block,botnet
2026-03-01 16:47:00,guard17.allow4056.block1793.invalid,27,alert,ransomware
2026-03-01 16:48:00,hunter3198.guard8626.oscar4554.mike370.invalid,51,block,spyware
2026-03-01 16:49:00,block2188.quebec2843.relay9717.example,98,block,ransomware
2026-03-01 16:50:00,india3108.mike8726.localhost,20,quarantine,malware
2026-03-01 16:51:00,charlie657.block8262.charlie6975.localhost,42,monitor,malware
2026-03-01 16:52:00,alpha2337.signal5072.invalid,23,monitor,c2
2026-03-01 16:53:00,signal108.papa7761.victor4699.test,44,alert,malware
2026-03-01 16:54:00,cyber7221.probe1790.probe2722.invalid,56,monitor,ransomware
2026-03-01 16:55:00,2001:db831:32ac:53a1:1ebd:6e51:8232:f3fc,74,block,ransomware
2026-03-01 16:56:00,zulu6189.kilo7713.feed6926.localhost,81,quarantine,ransomware
2026-03-01 16:57:00,india3378.juliet4440.detect7380.cyber3920.test,98,monitor,botnet
2026-03-01 16:58:00,2001:db827:aef7:f8f8:624e:73fd:466e:4f54,27,alert,c2
2026-03-01 16:59:00,2001:db81e:88b:2293:70f:863d:6e75:1464,96,block,malware
2026-03-01 17:00:00,delta6232.cyber8602.example,31,alert,botnet
2026-03-01 17:01:00,foxtrot9897.quebec1743.localhost,1,quarantine,spyware
2026-03-01 17:02:00,november2129.november5076.threat7779.test,25,alert,c2
2026-03-01 17:03:00,203.0.113.133,31,quarantine,spyware
2026-03-01 17:04:00,foxtrot979.romeo9991.yankee8116.invalid,86,monitor,ransomware
2026-03-01 17:05:00,report95.sentinel8085.papa3554.localhost,6,monitor,phishing
2026-03-01 17:06:00,guard3875.allow8334.mirror8265.yankee1886.example,83,alert,botnet
2026-03-01 17:07:00,2001:db806:2c8e:c6b4:cb72:a6fa:8d6a:ea93,93,block,malware
2026-03-01 17:08:00,sierra3587.allow7468.test,14,alert,ransomware
2026-03-01 17:09:00,juliet7773.allow2889.test,89,block,botnet
2026-03-01 17:10:00,alpha4599.relay4496.invalid,7,alert,botnet
2026-03-01 17:11:00,sierra2148.zulu607.report8643.invalid,75,block,spyware
2026-03-01 17:12:00,2001:db808:e7a1:e51e:cb4f:19:11bf:91a7,38,alert,botnet
2026-03-01 17:13:00,hotel977.whiskey5913.test,24,block,adware
2026-03-01 17:14:00,2001:db81b:c73f:a9d8:c487:47a7:2827:b114,58,alert,botnet
2026-03-01 17:15:00,juliet71.proxy8949.scan5428.example,22,quarantine,spyware
2026-03-01 17:16:00,2001:db8ea:958c:10bd:8cb9:731e:93cc:561f,77,quarantine,spyware
2026-03-01 17:17:00,192.0.2.76/28,80,quarantine,spyware
2026-03-01 17:18:00,feed7199.kilo2292.example,100,alert,spyware
2026-03-01 17:19:00,romeo1392.echo1211.scan6806.bravo242.test,71,quarantine,malware
2026-03-01 17:20:00,2001:db85a:8876:1ca0:7056:c6df:b5a8:58f0,67,alert,phishing
2026-03-01 17:21:00,quebec9021.foxtrot2201.mirror1377.example,69,alert,botnet
2026-03-01 17:22:00,mike3003.mirror1549.sentinel2739.report5286.example,50,monitor,phishing
2026-03-01 17:23:00,edge9176.whiskey1798.example,43,block,c2
2026-03-01 17:24:00,sentinel4056.echo4426.invalid,3,alert,botnet
2026-03-01 17:25:00,november3426.beacon954.golf9362.core8667.invalid,80,monitor,phishing
2026-03-01 17:26:00,hotel7848.charlie2285.relay9027.hotel5048.invalid,25,block,phishing
2026-03-01 17:27:00,feed8028.node5324.localhost,100,monitor,c2
2026-03-01 17:28:00,echo6820.sentinel1321.audit7845.test,100,monitor,spyware
2026-03-01 17:29:00,2001:db8b0:25c2:402a:a251:25f8:e663:ee81,56,quarantine,botnet
2026-03-01 17:30:00,core6293.mirror6883.invalid,72,block,ransomware
2026-03-01 17:31:00,core7080.intel6303.tracker3006.node9317.invalid,80,block,botnet
2026-03-01 17:32:00,2001:db87a:448c:eded:2e5d:cb27:ba4c:56c,61,monitor,ransomware
2026-03-01 17:33:00,romeo8648.beacon2407.localhost,82,block,ransomware
2026-03-01 17:34:00,bravo6897.foxtrot2304.beacon4955.papa9509.example,98,quarantine,malware
2026-03-01 17:35:00,2001:db8b2:7291:8139:9c65:8cfe:d8fd:c0c1,83,quarantine,phishing
2026-03-01 17:36:00,oscar1082.tracker4563.hunter6046.invalid,96,monitor,c2
2026-03-01 17:37:00,proxy4486.juliet3080.golf2156.test,72,monitor,botnet
2026-03-01 17:38:00,2001:db88d:3759:f6a6:20af:ac2d:8d8f:a678,78,monitor,c2
2026-03-01 17:39:00,probe5833.delta4750.sierra8678.invalid,86,alert,adware
2026-03-01 17:40:00,2001:db80b:6726:42cf:ae77:5adc:a5ad:1e7e,32,monitor,adware
2026-03-01 17:41:00,bravo6677.probe3830.bravo4410.invalid,72,block,spyware
2026-03-01 17:42:00,bravo7935.mirror7066.invalid,37,block,c2
2026-03-01 17:43:00,block5817.tango8553.uniform8695.foxtrot9919.test,53,block,phishing
2026-03-01 17:44:00,2001:db811:cffa:ba03:51e9:ff1:491a:e058,89,quarantine,c2
2026-03-01 17:45:00,mirror9505.node3438.mirror3694.uniform5779.example,4,monitor,ransomware
2026-03-01 17:46:00,relay4990.threat5641.foxtrot9548.alpha8363.localhost,76,alert,botnet
2026-03-01 17:47:00,juliet8691.threat195.sierra7354.localhost,87,monitor,ransomware
2026-03-01 17:48:00,2001:db89d:a01c:6131:5195:ff1c:ef02:ff5d,85,alert,malware
2026-03-01 17:49:00,192.0.2.48/28,71,quarantine,botnet
2026-03-01 17:50:00,scan1764.scan6962.localhost,49,alert,ransomware
2026-03-01 17:51:00,2001:db836:779b:263d:67c9:45b0:37cb:4f91,81,block,spyware
2026-03-01 17:52:00,proxy4452.uniform1763.sentinel6276.threat3273.example,28,block,botnet
2026-03-01 17:53:00,node5310.guard9515.example,62,quarantine,malware
2026-03-01 17:54:00,golf4761.watch7889.node5429.delta1990.invalid,87,monitor,spyware
2026-03-01 17:55:00,bravo9493.golf1818.intel9764.hotel1755.test,25,alert,botnet
2026-03-01 17:56:00,yankee6924.mike4817.mike6598.lima9733.example,44,block,c2
2026-03-01 17:57:00,sentinel6518.block2006.invalid,25,alert,ransomware
2026-03-01 17:58:00,node3428.mirror9215.allow8939.localhost,70,monitor,phishing
2026-03-01 17:59:00,hunter7431.yankee5251.feed2896.scan9636.example,76,alert,spyware
2026-03-01 18:00:00,node1076.mike7502.foxtrot1314.zulu2930.example,66,alert,adware
2026-03-01 18:01:00,sierra2390.proxy563.sentinel5246.tango8231.invalid,6,block,spyware
2026-03-01 18:02:00,2001:db83c:f7af:81ef:9d01:b04f:cbd7:46b0,22,quarantine,spyware
2026-03-01 18:03:00,tracker4966.edge2690.allow7057.india5120.localhost,29,block,malware
2026-03-01 18:04:00,zulu2099.signal7926.allow9848.cyber3848.invalid,86,quarantine,botnet
2026-03-01 18:05:00,edge5863.mike1475.beacon4968.edge3624.test,51,quarantine,malware
2026-03-01 18:06:00,2001:db834:21c:7f65:73d9:b04e:9fca:4203,8,block,spyware
2026-03-01 18:07:00,proxy2477.tracker7318.xray2874.quebec3870.localhost,98,quarantine,botnet
2026-03-01 18:08:00,2001:db843:69d8:89c5:d1aa:a44:48e:f2bc,26,block,malware
2026-03-01 18:09:00,threat1220.papa3226.kilo5395.tango1030.invalid,86,monitor,spyware
2026-03-01 18:10:00,2001:db809:af7a:faf8:b7ef:6079:546b:ce89,79,alert,spyware
2026-03-01 18:11:00,bravo6629.allow2382.localhost,4,block,malware
2026-03-01 18:12:00,node783.probe8567.hunter1685.localhost,49,block,botnet
2026-03-01 18:13:00,victor7578.cyber918.detect4905.watch5170.invalid,83,alert,malware
2026-03-01 18:14:00,mirror1739.oscar4566.juliet1573.november9047.test,38,block,spyware
2026-03-01 18:15:00,2001:db84f:5097:bd77:9f8e:a615:2b7f:1aef,95,alert,malware
2026-03-01 18:16:00,sentinel3366.guard3278.test,59,quarantine,spyware
2026-03-01 18:17:00,alpha2508.sentinel1984.invalid,23,monitor,spyware
2026-03-01 18:18:00,allow423.xray3329.example,75,quarantine,adware
2026-03-01 18:19:00,hunter267.echo7699.golf6801.example,53,monitor,malware
2026-03-01 18:20:00,echo1353.audit3970.edge7172.test,94,alert,phishing
2026-03-01 18:21:00,edge2201.mike7971.test,82,alert,c2
2026-03-01 18:22:00,198.51.100.100,3,quarantine,ransomware
2026-03-01 18:23:00,2001:db89f:4d26:78a:fcb6:6f33:af0f:d72a,57,alert,ransomware
2026-03-01 18:24:00,2001:db833:8fd6:1dff:f180:b701:772c:51ba,21,block,adware
2026-03-01 18:25:00,2001:db88c:f079:e8c7:17c6:146e:a5ec:34d9,58,monitor,adware
2026-03-01 18:26:00,threat8178.romeo9535.example,52,quarantine,adware
2026-03-01 18:27:00,whiskey8193.alpha3875.invalid,17,monitor,c2
2026-03-01 18:28:00,proxy8124.threat8400.zulu3164.example,3,block,adware
2026-03-01 18:29:00,hotel9453.zulu4264.audit2606.uniform3339.invalid,63,quarantine,ransomware
2026-03-01 18:30:00,2001:db8f1:738b:7736:1ae0:334d:d39c:a91c,7,monitor,botnet
2026-03-01 18:31:00,hunter150.xray9432.golf2419.yankee6998.test,90,block,spyware
2026-03-01 18:32:00,proxy9481.sentinel9082.sierra607.localhost,100,alert,malware
2026-03-01 18:33:00,november1497.beacon2401.test,51,alert,malware
2026-03-01 18:34:00,oscar4484.alpha1605.localhost,25,monitor,phishing
2026-03-01 18:35:00,detect9424.beacon5798.india9219.localhost,59,monitor,malware
2026-03-01 18:36:00,golf2002.quebec8018.allow3782.test,17,alert,c2
2026-03-01 18:37:00,allow988.november216.test,92,monitor,phishing
2026-03-01 18:38:00,bravo2360.core7975.tracker7156.india1388.test,45,quarantine,malware
2026-03-01 18:39:00,zulu1643.core8631.india194.sentinel1634.localhost,60,block,ransomware
2026-03-01 18:40:00,2001:db800:4f5f:e615:9762:86d5:bbf6:e87d,2,monitor,spyware
2026-03-01 18:41:00,2001:db882:1d80:d34a:d540:44a7:c6de:7c57,22,block,malware
2026-03-01 18:42:00,2001:db860:2b22:7f0f:91e1:dbb:9a71:6930,78,monitor,malware
2026-03-01 18:43:00,romeo2371.foxtrot5293.india2980.signal6309.example,49,block,phishing
2026-03-01 18:44:00,guard2437.oscar1974.test,97,quarantine,phishing
2026-03-01 18:45:00,november7993.threat7310.localhost,66,alert,phishing
2026-03-01 18:46:00,cyber7472.node9903.threat2946.intel8347.localhost,60,quarantine,botnet
2026-03-01 18:47:00,2001:db845:b460:ad56:59a5:ede3:f502:5d53,74,alert,ransomware
2026-03-01 18:48:00,mike4615.quebec1112.tango4920.scan9012.example,16,monitor,phishing
2026-03-01 18:49:00,bravo5557.yankee8754.kilo9355.localhost,58,block,adware
2026-03-01 18:50:00,allow5748.report4217.tracker7971.example,70,alert,c2
2026-03-01 18:51:00,oscar2321.whiskey8157.bravo4004.localhost,34,block,adware
2026-03-01 18:52:00,zulu6107.mirror8956.edge1775.feed3672.invalid,22,alert,malware
2026-03-01 18:53:00,threat358.hotel2722.juliet7296.localhost,19,quarantine,c2
2026-03-01 18:54:00,allow8437.hotel1161.test,66,block,spyware
2026-03-01 18:55:00,golf7452.uniform2781.sierra2646.invalid,13,quarantine,c2
2026-03-01 18:56:00,sierra1999.zulu6121.invalid,37,block,phishing
2026-03-01 18:57:00,2001:db824:6beb:6d25:d931:3535:6941:ded7,58,monitor,adware
2026-03-01 18:58:00,xray8503.proxy9830.example,33,block,ransomware
2026-03-01 18:59:00,uniform7616.audit6670.invalid,61,block,phishing
2026-03-01 19:00:00,relay9437.report2251.example,60,quarantine,adware
2026-03-01 19:01:00,cyber7240.foxtrot9851.sentinel108.test,66,monitor,phishing
2026-03-01 19:02:00,2001:db8d9:3a79:8928:bbd5:154d:e1fa:6fe4,10,block,spyware
2026-03-01 19:03:00,alpha2733.hotel6859.quebec9087.localhost,21,block,ransomware
2026-03-01 19:04:00,beacon5468.hotel5907.invalid,76,monitor,malware
2026-03-01 19:05:00,mirror7028.papa2499.test,81,monitor,c2
2026-03-01 19:06:00,yankee405.lima7237.oscar4352.invalid,67,quarantine,phishing
2026-03-01 19:07:00,tango4448.relay5940.golf8756.guard5762.test,74,alert,adware
2026-03-01 19:08:00,detect1282.detect9996.foxtrot4018.localhost,63,quarantine,phishing
2026-03-01 19:09:00,scan1281.threat7653.example,98,quarantine,spyware
2026-03-01 19:10:00,2001:db8b7:c76c:3c92:305:2060:174d:252a,30,monitor,malware
2026-03-01 19:11:00,beacon448.sierra7943.foxtrot2078.scan1260.example,66,monitor,botnet
2026-03-01 19:12:00,watch2088.scan1687.zulu1753.uniform9112.invalid,88,alert,ransomware
2026-03-01 19:13:00,block1536.allow2974.localhost,4,alert,phishing
2026-03-01 19:14:00,203.0.113.28,74,quarantine,adware
2026-03-01 19:15:00,uniform688.audit3735.delta4245.quebec265.example,3,quarantine,spyware
2026-03-01 19:16:00,node2333.node3713.example,90,quarantine,ransomware
2026-03-01 19:17:00,2001:db831:f393:b78c:99b3:5708:5cbd:966a,88,block,ransomware
2026-03-01 19:18:00,2001:db81b:778b:663d:bf65:4fde:2bef:3988,62,block,ransomware
2026-03-01 19:19:00,198.51.100.202,64,monitor,ransomware
2026-03-01 19:20:00,quebec4271.yankee2676.zulu7473.foxtrot4165.localhost,67,monitor,spyware
2026-03-01 19:21:00,198.51.100.142,2,alert,spyware
2026-03-01 19:22:00,2001:db85f:6497:6312:969e:e5cb:5ad7:2620,1,quarantine,botnet
2026-03-01 19:23:00,2001:db86e:843a:5c2d:cf97:988:9120:2be7,19,block,adware
2026-03-01 19:24:00,core8155.allow2948.beacon3813.edge4760.test,22,monitor,phishing
2026-03-01 19:25:00,beacon9469.feed3206.november5188.example,81,alert,c2
2026-03-01 19:26:00,sentinel652.report8814.test,87,monitor,malware
2026-03-01 19:27:00,2001:db8c8:c1bb:9d17:96ca:4133:5afc:eb,51,alert,malware
2026-03-01 19:28:00,allow2439.hunter15.invalid,100,alert,botnet
2026-03-01 19:29:00,block4478.sentinel4111.localhost,58,block,adware
2026-03-01 19:30:00,xray9068.kilo7188.papa9536.charlie2186.invalid,34,quarantine,botnet
2026-03-01 19:31:00,2001:db8d6:f18b:ba5b:c415:4cd7:5ba0:121b,20,block,botnet
2026-03-01 19:32:00,intel3451.victor2218.kilo8592.localhost,84,monitor,malware
2026-03-01 19:33:00,edge7439.hunter2524.scan1732.test,74,monitor,c2
2026-03-01 19:34:00,uniform8476.kilo7167.oscar1632.test,73,quarantine,ransomware
2026-03-01 19:35:00,core9426.bravo4253.kilo9530.delta2395.example,97,block,botnet
2026-03-01 19:36:00,beacon2510.edge2899.test,76,alert,phishing
2026-03-01 19:37:00,allow1195.watch9995.invalid,56,alert,spyware
2026-03-01 19:38:00,2001:db87c:f320:481:3abc:b127:e42e:7b0e,70,block,phishing
2026-03-01 19:39:00,romeo7201.cyber4167.invalid,17,block,spyware
2026-03-01 19:40:00,2001:db8f8:aee:c16a:b761:44fb:805b:1437,43,block,botnet
2026-03-01 19:41:00,scan8327.guard5637.november6207.invalid,89,monitor,adware
2026-03-01 19:42:00,2001:db80d:2cb2:5ff1:dca9:e5ce:d0eb:34e2,70,quarantine,adware
2026-03-01 19:43:00,whiskey2123.node1596.victor6673.proxy8251.invalid,77,alert,botnet
2026-03-01 19:44:00,tracker1008.echo3162.mirror8217.juliet4369.invalid,38,monitor,c2
2026-03-01 19:45:00,2001:db889:287b:e64a:bdfd:2f57:6186:1a63,78,alert,spyware
2026-03-01 19:46:00,2001:db87a:6d8f:6775:8ad1:8b11:4648:37ec,95,block,adware
2026-03-01 19:47:00,india8338.quebec5823.cyber7888.core7285.test,11,alert,c2
2026-03-01 19:48:00,2001:db89e:b7b2:e71:b40f:48c1:6060:fc05,58,quarantine,spyware
2026-03-01 19:49:00,2001:db884:67c:4640:5cf:53e1:fe29:b183,97,block,adware
2026-03-01 19:50:00,papa1195.signal9830.beacon7185.mirror1568.localhost,84,quarantine,malware
2026-03-01 19:51:00,2001:db8ca:7661:3b2:bf4e:608c:d2cf:dfcc,46,monitor,phishing
2026-03-01 19:52:00,2001:db847:47af:3f0e:c49f:b3fc:dbd8:a106,70,quarantine,ransomware
2026-03-01 19:53:00,2001:db854:b0a8:f945:f6d7:360:4726:e13a,50,quarantine,phishing
2026-03-01 19:54:00,feed7582.bravo7208.invalid,70,monitor,malware
2026-03-01 19:55:00,sierra9748.watch9211.lima7461.proxy9486.example,79,quarantine,c2
2026-03-01 19:56:00,watch2162.tango2814.quebec3716.localhost,49,block,botnet
2026-03-01 19:57:00,2001:db8fe:c2e6:eeb8:b7f0:9de9:85eb:b823,9,quarantine,ransomware
2026-03-01 19:58:00,core684.golf584.allow8317.test,79,quarantine,ransomware
2026-03-01 19:59:00,romeo6102.edge6800.example,70,monitor,spyware
2026-03-01 20:00:00,scan7204.threat7729.example,80,quarantine,botnet
2026-03-01 20:01:00,threat5812.node9345.yankee163.audit9784.test,64,monitor,spyware
2026-03-01 20:02:00,romeo2515.feed5867.lima3550.edge565.test,17,alert,botnet
2026-03-01 20:03:00,relay8928.feed8633.lima4347.relay5716.example,74,monitor,ransomware
2026-03-01 20:04:00,oscar4750.quebec6397.example,96,block,spyware
2026-03-01 20:05:00,watch2590.uniform1112.audit8733.core1940.test,83,alert,adware
2026-03-01 20:06:00,203.0.113.152/30,68,block,ransomware
2026-03-01 20:07:00,hunter6445.delta9468.threat2112.probe6397.test,83,monitor,adware
2026-03-01 20:08:00,xray5764.mike5622.threat950.papa3802.invalid,81,monitor,c2
2026-03-01 20:09:00,edge8603.yankee8406.echo2859.test,7,alert,malware
2026-03-01 20:10:00,detect2011.block8715.relay8731.sierra7406.example,85,alert,spyware
2026-03-01 20:11:00,foxtrot5575.proxy9703.test,50,quarantine,adware
2026-03-01 20:12:00,hotel3679.golf4618.example,80,alert,adware
2026-03-01 20:13:00,mike4606.zulu1686.example,59,block,malware
2026-03-01 20:14:00,2001:db88c:e347:b3fd:e4ee:15af:b482:deb0,87,block,phishing
2026-03-01 20:15:00,zulu6941.relay7444.example,36,monitor,spyware
2026-03-01 20:16:00,victor2502.edge3451.test,96,alert,spyware
2026-03-01 20:17:00,uniform8688.relay673.golf8705.probe5798.localhost,48,alert,c2
2026-03-01 20:18:00,watch5643.juliet4408.proxy3433.proxy6521.example,24,quarantine,ransomware
2026-03-01 20:19:00,192.0.2.89,76,quarantine,phishing
2026-03-01 20:20:00,2001:db8cf:813c:b579:88de:cb36:2875:bf00,18,alert,spyware
2026-03-01 20:21:00,2001:db8b0:beb3:fa42:e467:5aec:f2fc:b313,79,alert,phishing
2026-03-01 20:22:00,2001:db806:fe22:6a56:f619:a944:7811:166,82,monitor,adware
2026-03-01 20:23:00,guard1168.cyber637.hotel6305.watch2661.test,18,alert,spyware
2026-03-01 20:24:00,juliet8521.watch8268.charlie2095.allow1427.example,51,monitor,spyware
2026-03-01 20:25:00,romeo8509.core340.test,25,block,c2
2026-03-01 20:26:00,2001:db8d6:23a0:48a3:fb2:2efa:6e25:c09c,52,monitor,c2
2026-03-01 20:27:00,guard8776.mike6360.localhost,11,alert,phishing
2026-03-01 20:28:00,2001:db8ac:38ca:bad2:2522:bf47:ca8b:33ba,69,alert,adware
2026-03-01 20:29:00,203.0.113.145,62,monitor,c2
2026-03-01 20:30:00,tracker9596.november9561.alpha8619.signal9352.test,50,monitor,botnet
2026-03-01 20:31:00,relay3315.india5063.node8583.india7047.test,22,quarantine,botnet
2026-03-01 20:32:00,feed730.romeo9971.test,29,monitor,c2
2026-03-01 20:33:00,threat8530.edge3749.tango1425.example,68,alert,malware
2026-03-01 20:34:00,203.0.113.82,29,block,botnet
2026-03-01 20:35:00,charlie7705.quebec2680.localhost,91,quarantine,c2
2026-03-01 20:36:00,hotel8492.intel8120.xray8475.invalid,47,block,adware
2026-03-01 20:37:00,core6663.november2175.whiskey4847.papa1487.invalid,63,alert,ransomware
2026-03-01 20:38:00,beacon3611.feed5856.foxtrot5348.invalid,72,alert,malware
2026-03-01 20:39:00,sierra8737.scan4008.yankee283.localhost,79,alert,spyware
2026-03-01 20:40:00,2001:db859:28fa:1354:c4c6:cd21:92ac:1d6b,63,alert,spyware
2026-03-01 20:41:00,alpha1661.threat8062.mike1389.test,34,monitor,malware
2026-03-01 20:42:00,192.0.2.172,25,alert,adware
2026-03-01 20:43:00,2001:db872:846e:5dbb:abd8:2db8:71cb:b5e7,80,block,adware
2026-03-01 20:44:00,2001:db825:9b0c:7bea:815f:4eeb:d8a4:c104,66,block,spyware
2026-03-01 20:45:00,threat8335.core2236.localhost,15,quarantine,botnet
2026-03-01 20:46:00,guard738.allow382.victor7161.test,62,monitor,malware
2026-03-01 20:47:00,lima8654.allow3116.november9345.localhost,26,alert,botnet
2026-03-01 20:48:00,bravo7696.guard365.uniform6189.localhost,31,alert,spyware
2026-03-01 20:49:00,2001:db872:fbb9:a42a:7b56:a96b:8e6a:19c7,5,block,spyware
2026-03-01 20:50:00,2001:db8c2:519c:3519:d501:f721:e056:5cce,47,monitor,ransomware
2026-03-01 20:51:00,mirror8972.lima305.probe8458.lima9452.localhost,40,block,c2
2026-03-01 20:52:00,2001:db83f:b883:65f1:8c46:bc98:edae:cb3c,38,quarantine,malware
2026-03-01 20:53:00,juliet484.mirror5222.cyber6738.example,42,alert,phishing
2026-03-01 20:54:00,guard3121.mike7304.invalid,14,monitor,adware
2026-03-01 20:55:00,lima4895.alpha2928.invalid,23,alert,botnet
2026-03-01 20:56:00,november1463.mike6190.probe1769.example,28,quarantine,ransomware
2026-03-01 20:57:00,watch1281.india8475.example,94,block,phishing
2026-03-01 20:58:00,2001:db8ff:1872:7a14:d6f3:ea0a:2028:38c2,55,quarantine,spyware
2026-03-01 20:59:00,203.0.113.235,41,block,malware
2026-03-01 21:00:00,oscar527.block5811.papa6329.localhost,80,alert,spyware
2026-03-01 21:01:00,cyber8601.cyber4725.core7061.kilo2891.example,20,block,c2
2026-03-01 21:02:00,2001:db832:a5b:acfc:9b2a:9f34:8f89:fbb5,99,block,malware
2026-03-01 21:03:00,scan1922.papa9178.zulu6182.localhost,100,alert,phishing
2026-03-01 21:04:00,2001:db82a:d4b3:d8de:cdf7:2a33:4e2c:8e10,59,quarantine,botnet
2026-03-01 21:05:00,203.0.113.56/26,68,block,adware
2026-03-01 21:06:00,victor9691.sentinel1766.core742.invalid,76,quarantine,botnet
2026-03-01 21:07:00,2001:db8ea:8232:644f:6005:3dd2:c929:6e61,8,monitor,spyware
2026-03-01 21:08:00,juliet1688.core3547.romeo2922.quebec9236.invalid,62,block,c2
2026-03-01 21:09:00,2001:db8b7:4643:d6a5:661f:7f90:9ff:c3d6,47,monitor,phishing
2026-03-01 21:10:00,192.0.2.199,66,alert,ransomware
2026-03-01 21:11:00,beacon8908.foxtrot9369.localhost,21,monitor,c2
2026-03-01 21:12:00,charlie3977.node2139.alpha2823.probe819.example,72,quarantine,ransomware
2026-03-01 21:13:00,198.51.100.59,8,alert,spyware
2026-03-01 21:14:00,golf538.tracker8413.invalid,99,quarantine,spyware
2026-03-01 21:15:00,tango4662.tracker9385.relay2294.localhost,97,quarantine,botnet
2026-03-01 21:16:00,2001:db836:fda2:5f64:9435:132e:4be:98c6,57,alert,c2
2026-03-01 21:17:00,2001:db806:fad5:830a:1921:bb92:7102:2449,22,monitor,ransomware
2026-03-01 21:18:00,signal5461.whiskey9059.invalid,91,alert,botnet
2026-03-01 21:19:00,mirror974.india3347.audit5401.invalid,44,alert,botnet
2026-03-01 21:20:00,2001:db8dc:febb:bc14:888f:2a4c:d958:2869,81,alert,adware
2026-03-01 21:21:00,cyber2324.alpha3676.bravo3714.threat6315.test,76,quarantine,c2
2026-03-01 21:22:00,edge8477.echo1390.example,41,alert,phishing
2026-03-01 21:23:00,juliet2931.signal841.localhost,65,monitor,c2
2026-03-01 21:24:00,2001:db84c:92c8:8c6:dc74:5bc8:36ca:3150,79,block,malware
2026-03-01 21:25:00,edge8559.hotel68.tango722.invalid,89,quarantine,c2
2026-03-01 21:26:00,uniform5666.zulu1307.audit5132.localhost,4,monitor,spyware
2026-03-01 21:27:00,golf5826.block2944.invalid,1,block,malware
2026-03-01 21:28:00,198.51.100.132/26,20,alert,c2
2026-03-01 21:29:00,audit7649.kilo7312.hotel7900.tracker8859.test,82,monitor,botnet
2026-03-01 21:30:00,signal177.block7439.scan7688.watch5432.localhost,83,monitor,malware
2026-03-01 21:31:00,2001:db8e0:e921:69ea:f742:b254:f3cb:31fb,31,monitor,adware
2026-03-01 21:32:00,block5805.sentinel9802.invalid,15,alert,spyware
2026-03-01 21:33:00,hotel8985.cyber1081.victor1458.xray5465.example,41,block,phishing
2026-03-01 21:34:00,threat96.whiskey3252.hotel3106.sierra660.test,1,alert,c2
2026-03-01 21:35:00,yankee5780.signal4661.uniform1007.bravo9675.invalid,62,block,botnet
2026-03-01 21:36:00,allow8411.guard7994.oscar995.invalid,27,quarantine,botnet
2026-03-01 21:37:00,2001:db8c9:c054:2916:4417:b20e:3cbd:5b60,95,monitor,adware
2026-03-01 21:38:00,2001:db804:c995:597f:ea15:3da0:eb8e:a19d,13,alert,c2
2026-03-01 21:39:00,2001:db8a1:f8c2:e6bb:a81c:9c81:4e06:ba9e,37,quarantine,ransomware
2026-03-01 21:40:00,delta171.india1723.example,76,quarantine,phishing
2026-03-01 21:41:00,romeo3196.watch4802.papa5386.test,64,monitor,ransomware
2026-03-01 21:42:00,proxy936.golf9066.yankee4710.report7595.localhost,58,quarantine,adware
2026-03-01 21:43:00,xray4996.xray4969.example,38,quarantine,phishing
2026-03-01 21:44:00,watch514.sentinel6231.delta5923.localhost,96,block,phishing
2026-03-01 21:45:00,2001:db826:fa9a:48ca:8995:d415:c016:e76b,47,monitor,c2
2026-03-01 21:46:00,2001:db8f4:8f7f:cbb6:71b6:41a9:1bb9:d8aa,37,monitor,malware
2026-03-01 21:47:00,2001:db8f0:a9a2:be4d:8568:968d:ed72:3c4d,68,monitor,spyware
2026-03-01 21:48:00,2001:db832:acee:42dd:f87e:affe:18c9:1785,23,block,adware
2026-03-01 21:49:00,watch3735.detect4495.mike379.example,18,monitor,spyware
2026-03-01 21:50:00,threat6634.signal686.localhost,9,monitor,phishing
2026-03-01 21:51:00,cyber7307.foxtrot8200.november2333.xray8855.test,78,monitor,spyware
2026-03-01 21:52:00,2001:db8ff:7851:285c:eb0e:e36c:e56d:2d10,83,block,adware
2026-03-01 21:53:00,2001:db88c:794b:9a80:4959:712c:d3be:99db,40,block,malware
2026-03-01 21:54:00,2001:db823:bc31:9937:4635:c3f4:442b:4924,49,block,malware
2026-03-01 21:55:00,core9909.edge4706.threat9976.example,67,monitor,ransomware
2026-03-01 21:56:00,alpha8204.core6132.localhost,34,quarantine,phishing
2026-03-01 21:57:00,2001:db8d0:6398:e8d6:ced3:261:85af:599e,27,quarantine,c2
2026-03-01 21:58:00,2001:db887:f69d:5754:7050:d250:4911:5d1f,4,monitor,spyware
2026-03-01 21:59:00,hotel4488.juliet6802.test,61,quarantine,botnet
2026-03-01 22:00:00,india2338.yankee9299.proxy4381.delta6065.test,91,block,adware
2026-03-01 22:01:00,feed7661.threat6701.xray8152.example,59,monitor,spyware
2026-03-01 22:02:00,2001:db842:a7ff:3d6e:3f5:fea9:dc7e:59f4,24,alert,ransomware
2026-03-01 22:03:00,beacon5402.india9912.report327.core346.localhost,60,alert,c2
2026-03-01 22:04:00,sentinel180.mirror5065.test,96,alert,botnet
2026-03-01 22:05:00,alpha5110.node3075.test,81,alert,ransomware
2026-03-01 22:06:00,203.0.113.190,18,quarantine,phishing
2026-03-01 22:07:00,watch997.node3117.localhost,74,block,c2
2026-03-01 22:08:00,2001:db800:caed:9c6b:77e1:dbc4:2eb1:30bb,19,block,botnet
2026-03-01 22:09:00,audit7438.alpha6998.hunter850.uniform7087.localhost,100,quarantine,ransomware
2026-03-01 22:10:00,2001:db885:2eb3:7f16:b623:cae0:1910:9901,85,monitor,adware
2026-03-01 22:11:00,203.0.113.56,14,quarantine,malware
2026-03-01 22:12:00,relay4037.romeo2375.xray7787.example,71,monitor,adware
2026-03-01 22:13:00,2001:db843:9e65:756e:7eaa:917f:e2e5:40b9,57,block,adware
2026-03-01 22:14:00,2001:db8bb:1352:ebb5:b618:4fed:46dd:87ac,61,monitor,malware
2026-03-01 22:15:00,allow2479.audit7209.delta3096.juliet895.test,59,monitor,phishing
2026-03-01 22:16:00,signal9703.sentinel4543.proxy7757.november2755.invalid,57,monitor,botnet
2026-03-01 22:17:00,2001:db81b:f1c6:639b:3d58:c36a:98c2:d382,84,monitor,spyware
2026-03-01 22:18:00,mirror9089.hunter2058.example,4,alert,phishing
2026-03-01 22:19:00,2001:db8f7:d8dd:bb35:8d16:cb7f:684a:d392,23,monitor,botnet
2026-03-01 22:20:00,2001:db83d:755a:67d1:7fd8:b649:4fde:369f,73,monitor,adware
2026-03-01 22:21:00,2001:db876:2409:9b99:27e7:6e8a:31b9:33d3,53,monitor,malware
2026-03-01 22:22:00,signal2800.victor9266.test,94,quarantine,spyware
2026-03-01 22:23:00,threat1270.yankee2086.invalid,42,block,adware
2026-03-01 22:24:00,2001:db850:2cf2:a3a1:b1e1:213f:94aa:9993,39,monitor,botnet
2026-03-01 22:25:00,guard2102.proxy1066.test,71,monitor,phishing
2026-03-01 22:26:00,detect2132.sentinel6723.example,22,alert,adware
2026-03-01 22:27:00,2001:db858:b8e1:a208:4393:c60f:d77b:bb17,47,monitor,spyware
2026-03-01 22:28:00,198.51.100.39,74,monitor,c2
2026-03-01 22:29:00,hotel7986.alpha2550.signal4099.test,72,alert,c2
2026-03-01 22:30:00,signal1469.juliet5027.cyber2773.invalid,54,block,ransomware
2026-03-01 22:31:00,198.51.100.187,93,quarantine,adware
2026-03-01 22:32:00,2001:db8c2:73a3:9996:2946:1038:2fdf:cf80,96,quarantine,phishing
2026-03-01 22:33:00,2001:db818:e7ba:3478:72d8:c71c:79a6:9345,21,quarantine,c2
2026-03-01 22:34:00,watch4763.oscar8607.test,32,block,botnet
2026-03-01 22:35:00,2001:db8c1:96a8:ae10:3be8:83f0:8012:e2b2,43,alert,spyware
2026-03-01 22:36:00,2001:db82f:25fd:af01:5718:c03c:5262:2666,33,quarantine,botnet
2026-03-01 22:37:00,2001:db8bf:7092:45d3:c830:9707:49c4:989a,92,block,phishing
2026-03-01 22:38:00,2001:db86c:11c7:4b7e:3d95:e5e8:5883:5596,58,quarantine,malware
2026-03-01 22:39:00,hunter527.sentinel2844.test,24,monitor,ransomware
2026-03-01 22:40:00,beacon8193.tango6541.beacon929.report1817.localhost,9,monitor,malware
2026-03-01 22:41:00,hunter2719.juliet4755.detect3350.beacon6083.example,43,monitor,adware
2026-03-01 22:42:00,2001:db8f4:c331:b377:3207:d9d9:448c:8250,77,quarantine,spyware
2026-03-01 22:43:00,edge733.sentinel3846.whiskey1789.echo8306.localhost,68,quarantine,adware
2026-03-01 22:44:00,echo4034.signal8162.relay1546.example,15,monitor,ransomware
2026-03-01 22:45:00,quebec7804.tracker2017.tracker2225.report8061.invalid,91,alert,phishing
2026-03-01 22:46:00,uniform6272.zulu6252.threat8932.november2842.localhost,75,monitor,phishing
2026-03-01 22:47:00,tango7312.sierra2961.hotel2156.test,20,block,spyware
2026-03-01 22:48:00,india5555.sierra5904.beacon7060.invalid,87,block,phishing
2026-03-01 22:49:00,2001:db83e:f0b7:5cfb:6267:800a:c35e:675,47,quarantine,adware
2026-03-01 22:50:00,guard8173.probe6938.feed8021.localhost,93,block,botnet
2026-03-01 22:51:00,mirror4627.zulu8196.mike5153.localhost,25,monitor,malware
2026-03-01 22:52:00,charlie5990.xray2872.hunter9156.edge1098.test,6,alert,spyware
2026-03-01 22:53:00,hotel2034.feed2804.sentinel5356.localhost,71,quarantine,botnet
2026-03-01 22:54:00,2001:db81e:2dd0:7f58:50bd:fff5:2ecc:ad45,88,quarantine,botnet
2026-03-01 22:55:00,198.51.100.32/30,65,quarantine,c2
2026-03-01 22:56:00,192.0.2.106,88,monitor,adware
2026-03-01 22:57:00,victor5347.allow9722.tracker8687.audit7296.localhost,95,alert,adware
2026-03-01 22:58:00,mirror4421.node8888.watch3394.invalid,66,alert,phishing
2026-03-01 22:59:00,192.0.2.140/24,31,quarantine,malware
2026-03-01 23:00:00,bravo7713.relay827.invalid,97,block,phishing
2026-03-01 23:01:00,juliet7641.relay2462.detect4748.beacon9145.test,3,alert,c2
2026-03-01 23:02:00,intel9837.proxy5112.relay7274.test,31,quarantine,adware
2026-03-01 23:03:00,198.51.100.207,11,alert,malware
2026-03-01 23:04:00,hotel1513.hunter6298.localhost,59,block,c2
2026-03-01 23:05:00,node7899.hotel9294.report5881.example,21,monitor,spyware
2026-03-01 23:06:00,golf2700.romeo1836.test,94,block,malware
2026-03-01 23:07:00,kilo7904.yankee1083.victor3412.node9683.localhost,100,monitor,adware
2026-03-01 23:08:00,allow4723.echo4829.alpha7437.invalid,74,monitor,spyware
2026-03-01 23:09:00,kilo4720.echo8756.test,94,alert,adware
2026-03-01 23:10:00,2001:db8e2:d548:a014:1b8b:6a3:80af:67fb,4,block,c2
2026-03-01 23:11:00,foxtrot3901.sentinel2004.signal5135.example,26,quarantine,c2
2026-03-01 23:12:00,india3601.foxtrot2074.romeo4484.localhost,84,monitor,malware
2026-03-01 23:13:00,proxy9060.november2012.xray2326.invalid,79,monitor,malware
2026-03-01 23:14:00,2001:db899:1f39:c632:d656:f31c:78a6:f3d8,74,quarantine,ransomware
2026-03-01 23:15:00,intel1818.golf9989.golf9216.invalid,11,monitor,adware
2026-03-01 23:16:00,foxtrot6820.edge4877.example,76,quarantine,malware
2026-03-01 23:17:00,feed4467.xray1603.invalid,78,block,phishing
2026-03-01 23:18:00,yankee9906.relay5357.test,51,block,adware
2026-03-01 23:19:00,2001:db8e1:cfeb:9849:e836:255c:1eac:50ef,20,monitor,malware
2026-03-01 23:20:00,2001:db823:a965:b6da:41a5:7814:3339:91fd,27,monitor,malware
2026-03-01 23:21:00,mike3283.probe3298.echo5596.test,88,quarantine,ransomware
2026-03-01 23:22:00,mike52.probe5279.bravo5902.charlie5334.localhost,60,monitor,malware
2026-03-01 23:23:00,sentinel4883.echo6669.xray1480.localhost,15,block,malware
2026-03-01 23:24:00,juliet688.proxy3452.localhost,15,quarantine,ransomware
2026-03-01 23:25:00,2001:db87e:4e6e:e8f2:bf4b:d4e9:f110:6fd3,14,monitor,phishing
2026-03-01 23:26:00,core2518.charlie2095.mike6852.audit4138.example,6,block,botnet
2026-03-01 23:27:00,2001:db86d:2e47:91f4:e0d:c5eb:196b:5368,93,block,ransomware
2026-03-01 23:28:00,relay8724.scan1229.kilo7173.localhost,18,alert,adware
2026-03-01 23:29:00,2001:db837:2264:99bc:16e0:3aec:b90:afa7,96,quarantine,phishing
2026-03-01 23:30:00,zulu7945.charlie2572.sierra4940.bravo3769.test,26,monitor,malware
2026-03-01 23:31:00,2001:db87d:6983:2273:33a8:1130:e493:18ec,38,monitor,ransomware
2026-03-01 23:32:00,sentinel7681.edge6127.lima6349.allow7764.test,49,alert,phishing
2026-03-01 23:33:00,2001:db818:2e1a:c957:ea1a:7b40:6e27:b4ae,69,block,adware
2026-03-01 23:34:00,2001:db8e6:78d4:bb8f:b96b:c405:1094:4e8f,23,quarantine,adware
2026-03-01 23:35:00,mike92.guard5086.victor1542.xray4158.invalid,86,alert,spyware
2026-03-01 23:36:00,zulu5529.threat7757.whiskey6413.zulu1177.example,67,block,phishing
2026-03-01 23:37:00,romeo9736.tracker96.victor719.hunter7424.example,98,alert,phishing
2026-03-01 23:38:00,beacon9172.mike6267.example,13,block,c2
2026-03-01 23:39:00,india6602.tracker98.intel8488.localhost,3,quarantine,adware
2026-03-01 23:40:00,signal8085.quebec6748.example,68,monitor,c2
2026-03-01 23:41:00,juliet6400.feed7839.echo1855.localhost,2,alert,phishing
2026-03-01 23:42:00,bravo96.zulu1912.alpha2814.hunter7818.localhost,20,alert,ransomware
2026-03-01 23:43:00,192.0.2.243,17,block,spyware
2026-03-01 23:44:00,hotel871.charlie9425.example,76,monitor,adware
2026-03-01 23:45:00,sierra9890.kilo2785.test,47,alert,adware
2026-03-01 23:46:00,203.0.113.168,49,block,spyware
2026-03-01 23:47:00,alpha9320.zulu3563.example,95,block,spyware
2026-03-01 23:48:00,juliet5152.hotel158.uniform179.example,28,alert,phishing
2026-03-01 23:49:00,2001:db802:139c:92e1:f1e5:470f:f02f:e5af,100,quarantine,spyware
2026-03-01 23:50:00,hunter4700.oscar6304.relay1842.localhost,3,block,phishing
2026-03-01 23:51:00,2001:db89d:3a46:b0ba:dc1d:38c6:9105:f927,59,block,phishing
2026-03-01 23:52:00,charlie6842.block9390.example,36,monitor,ransomware
2026-03-01 23:53:00,golf8915.romeo3182.hunter274.example,46,alert,botnet
2026-03-01 23:54:00,block8030.romeo5275.signal7909.oscar1505.example,47,quarantine,c2
2026-03-01 23:55:00,juliet1181.threat4019.localhost,98,monitor,phishing
2026-03-01 23:56:00,sentinel1226.watch6910.relay7131.uniform5245.test,4,alert,malware
2026-03-01 23:57:00,2001:db830:8fea:5635:a5b5:95d4:9423:88e1,96,monitor,malware
2026-03-01 23:58:00,foxtrot8249.bravo1867.proxy7584.lima2986.localhost,19,quarantine,malware
2026-03-01 23:59:00,203.0.113.124,55,block,c2
2026-03-02 00:00:00,node8445.sentinel1707.invalid,79,monitor,ransomware
2026-03-02 00:01:00,feed1049.zulu9910.test,30,quarantine,c2
2026-03-02 00:02:00,november3075.cyber8948.test,8,monitor,botnet
2026-03-02 00:03:00,zulu2693.threat1008.zulu608.test,80,block,ransomware
2026-03-02 00:04:00,feed5535.yankee7787.core9924.india2270.localhost,93,block,ransomware
2026-03-02 00:05:00,2001:db837:e82d:233f:75aa:c1a4:c55b:43b1,55,block,ransomware
2026-03-02 00:06:00,golf866.echo8162.invalid,30,monitor,phishing
2026-03-02 00:07:00,oscar7356.cyber3765.watch2053.report4014.localhost,37,block,c2
2026-03-02 00:08:00,victor2672.golf3570.juliet8248.test,41,alert,spyware
2026-03-02 00:09:00,2001:db861:995:ba68:7a42:a432:206e:c665,21,block,phishing
2026-03-02 00:10:00,mike1125.romeo6932.kilo5033.invalid,90,alert,malware
2026-03-02 00:11:00,beacon6616.echo737.bravo2608.oscar1582.invalid,32,block,malware
2026-03-02 00:12:00,2001:db8b8:2f13:b2e4:7140:6d3c:a9ec:a981,3,alert,ransomware
2026-03-02 00:13:00,2001:db8cf:92b3:ed70:4a29:55cc:acbe:d7f8,64,quarantine,c2
2026-03-02 00:14:00,hotel7102.intel9285.whiskey4726.hotel137.localhost,55,alert,botnet
2026-03-02 00:15:00,juliet8126.mirror6766.signal6278.papa7212.test,9,alert,ransomware
2026-03-02 00:16:00,intel2272.edge6642.lima6069.localhost,76,alert,c2
2026-03-02 00:17:00,sentinel1411.juliet3405.tango7777.detect5496.invalid,37,quarantine,spyware
2026-03-02 00:18:00,oscar8514.hunter5504.localhost,23,monitor,c2
2026-03-02 00:19:00,2001:db885:d44:5f41:ff82:c623:3c4b:8607,62,block,phishing
2026-03-02 00:20:00,2001:db82c:7dd7:9718:ff6e:d2f0:f543:1f38,33,quarantine,ransomware
2026-03-02 00:21:00,203.0.113.92,1,block,malware
2026-03-02 00:22:00,india1504.lima9710.test,72,block,spyware
2026-03-02 00:23:00,allow5682.feed7148.invalid,16,block,malware
2026-03-02 00:24:00,scan5015.edge3725.threat2570.romeo1507.localhost,27,block,spyware
2026-03-02 00:25:00,scan2525.mike5573.block8580.example,95,quarantine,botnet
2026-03-02 00:26:00,detect9581.report2034.test,30,block,ransomware
2026-03-02 00:27:00,golf4763.yankee2593.localhost,52,alert,spyware
2026-03-02 00:28:00,golf2138.probe9861.invalid,12,quarantine,phishing
2026-03-02 00:29:00,romeo1947.cyber8013.audit8120.relay2088.example,55,block,botnet
2026-03-02 00:30:00,report7553.zulu9676.cyber3909.test,2,block,spyware
2026-03-02 00:31:00,kilo8057.alpha1588.invalid,94,alert,ransomware
2026-03-02 00:32:00,zulu5555.report751.localhost,14,monitor,botnet
2026-03-02 00:33:00,2001:db854:b93b:27fd:3973:1f9e:6781:4cb9,4,block,c2
2026-03-02 00:34:00,romeo1777.golf1275.example,91,block,ransomware
2026-03-02 00:35:00,2001:db8db:42ba:9d:dced:d763:bda2:163d,11,monitor,botnet
2026-03-02 00:36:00,oscar7469.uniform1891.node3950.localhost,6,quarantine,ransomware
2026-03-02 00:37:00,golf4330.hunter9441.localhost,14,monitor,malware
2026-03-02 00:38:00,core2459.yankee1286.echo3680.watch8250.localhost,60,monitor,c2
2026-03-02 00:39:00,2001:db8c6:9de0:cb80:f11f:fa6a:87ae:2ea9,11,block,spyware
2026-03-02 00:40:00,2001:db8b0:73d6:8980:1f8f:4d60:3183:2be1,37,alert,botnet
2026-03-02 00:41:00,intel8768.intel1788.foxtrot2954.invalid,36,quarantine,c2
2026-03-02 00:42:00,relay4920.threat6722.uniform1056.probe3336.localhost,26,quarantine,phishing
2026-03-02 00:43:00,2001:db888:bdb7:365d:a363:7bc5:eed5:3ebb,15,monitor,malware
2026-03-02 00:44:00,2001:db876:fbeb:1eaa:48e5:8f45:2fa1:167a,3,quarantine,phishing
2026-03-02 00:45:00,edge2237.uniform7607.localhost,45,alert,ransomware
2026-03-02 00:46:00,2001:db8b0:712b:e43d:bf8c:c842:ed16:4d2e,55,quarantine,botnet
2026-03-02 00:47:00,quebec2960.foxtrot1268.allow5922.test,33,quarantine,malware
2026-03-02 00:48:00,node3197.node8979.zulu1595.test,27,block,botnet
2026-03-02 00:49:00,victor6236.golf7015.whiskey5856.cyber5756.invalid,1,alert,phishing
2026-03-02 00:50:00,scan5495.romeo7430.invalid,86,monitor,botnet
2026-03-02 00:51:00,india1821.intel7514.cyber2805.example,52,monitor,spyware
2026-03-02 00:52:00,cyber7327.uniform4054.tracker6961.invalid,57,alert,spyware
2026-03-02 00:53:00,mirror5115.probe3439.uniform3286.mike4696.example,56,quarantine,ransomware
2026-03-02 00:54:00,2001:db89e:416e:2fd9:d8c8:b941:955:b9a6,20,block,c2
2026-03-02 00:55:00,2001:db8a9:1cbb:4d6:57bf:2a55:ffed:de29,75,block,botnet
2026-03-02 00:56:00,2001:db8bf:e6fa:b2fc:da7:d46d:1b44:cafc,31,monitor,adware
2026-03-02 00:57:00,delta5155.foxtrot5057.invalid,61,block,malware
2026-03-02 00:58:00,beacon1507.delta9735.test,8,alert,ransomware
2026-03-02 00:59:00,relay8056.relay1724.localhost,54,quarantine,malware
